-- Configurable Application Parameters
INSERT INTO COMMON.APP_PARAMETERS(NAME, VALUE) VALUES('crs.birth.late_reg_days', '90');
INSERT INTO COMMON.APP_PARAMETERS(NAME, VALUE) VALUES('crs.birth.belated_reg_days', '365');
INSERT INTO COMMON.APP_PARAMETERS(NAME, VALUE) VALUES('crs.br_approval_rows_per_page', '10');

-- Countries
INSERT INTO COMMON.COUNTRIES (COUNTRYID, COUNTRYCODE, SICOUNTRYNAME, ENCOUNTRYNAME, TACOUNTRYNAME) VALUES(1, 'LK', 'ශ්‍රී ලංකාව', 'Sri Lanka', 'ஸ்ரீ லங்கா');
INSERT INTO COMMON.COUNTRIES (COUNTRYID, COUNTRYCODE, SICOUNTRYNAME, ENCOUNTRYNAME, TACOUNTRYNAME) VALUES(2, 'JP', 'ජපානය', 'Japan', 'ஜப்பான்');
INSERT INTO COMMON.COUNTRIES (COUNTRYID, COUNTRYCODE, SICOUNTRYNAME, ENCOUNTRYNAME, TACOUNTRYNAME) VALUES(3, 'IN', 'ඉන්දියාව', 'India', 'இந்திய');

-- Races
INSERT INTO COMMON.RACES (RACEID, SIRACENAME, ENRACENAME, TARACENAME) VALUES(1, 'සිංහල', 'Sinhalese', 'சின்ஹலேசே');
INSERT INTO COMMON.RACES (RACEID, SIRACENAME, ENRACENAME, TARACENAME) VALUES(2, 'ශ්‍රී ලංකික දෙමල', 'Sri Lankan Tamil', 'ஸ்ரீ லங்கன் தமிழ்');
INSERT INTO COMMON.RACES (RACEID, SIRACENAME, ENRACENAME, TARACENAME) VALUES(3, 'ඉන්දියානු දෙමල', 'Indian Tamil', 'இந்தியன் தமிழ்');

-- Districts
INSERT INTO COMMON.DISTRICTS (districtId, siDistrictName, enDistrictName, taDistrictName)  VALUES(11, 'කොළඹ', 'Colombo', '‎கொழும்பு');
INSERT INTO COMMON.DISTRICTS (districtId, siDistrictName, enDistrictName, taDistrictName)  VALUES(12, 'ගම්පහ', 'Gampaha', 'கம்‍‍‎ப‍‍ஹ');
INSERT INTO COMMON.DISTRICTS (districtId, siDistrictName, enDistrictName, taDistrictName)  VALUES(13, 'කළුතර', 'Kalutara', 'களுத்து‍றை');
INSERT INTO COMMON.DISTRICTS (districtId, siDistrictName, enDistrictName, taDistrictName)  VALUES(21, 'මහනුවර', 'Kandy', 'கண்டி');
INSERT INTO COMMON.DISTRICTS (districtId, siDistrictName, enDistrictName, taDistrictName)  VALUES(22, 'මාතලේ', 'Matale', 'மாத்த‍‍‍ளை');
INSERT INTO COMMON.DISTRICTS (districtId, siDistrictName, enDistrictName, taDistrictName)  VALUES(23, 'නුවරඑළිය', 'Nuwara Eliya', 'நுவ‎ரெளியா');
INSERT INTO COMMON.DISTRICTS (districtId, siDistrictName, enDistrictName, taDistrictName)  VALUES(31, 'ගාල්ල', 'Galle', 'காலி');
INSERT INTO COMMON.DISTRICTS (districtId, siDistrictName, enDistrictName, taDistrictName)  VALUES(32, 'මාතර', 'Matara', 'மாத்தறை');
INSERT INTO COMMON.DISTRICTS (districtId, siDistrictName, enDistrictName, taDistrictName)  VALUES(33, 'හම්බන්තොට', 'Hambantota', 'ஹம்பாந்தோட்‍டை');
INSERT INTO COMMON.DISTRICTS (districtId, siDistrictName, enDistrictName, taDistrictName)  VALUES(41, 'යාපනය', 'Jaffna', 'யாழ்பாணம்');
INSERT INTO COMMON.DISTRICTS (districtId, siDistrictName, enDistrictName, taDistrictName)  VALUES(42, 'මන්නාරම', 'Mannar', 'மன்னார்');
INSERT INTO COMMON.DISTRICTS (districtId, siDistrictName, enDistrictName, taDistrictName)  VALUES(43, 'වව්නියාව', 'Vavuniya', 'வவுனியா');
INSERT INTO COMMON.DISTRICTS (districtId, siDistrictName, enDistrictName, taDistrictName)  VALUES(44, 'මුලතිව්', 'Mullaitivu', 'முள்ளைத்தீவு');
INSERT INTO COMMON.DISTRICTS (districtId, siDistrictName, enDistrictName, taDistrictName)  VALUES(45, 'කිලිනොච්චි', 'Kilinochchi', 'கிளி‎‎நொச்சி');
INSERT INTO COMMON.DISTRICTS (districtId, siDistrictName, enDistrictName, taDistrictName)  VALUES(51, 'මඩකලපුව', 'Batticaloa', 'மட்டக்களப்பு');
INSERT INTO COMMON.DISTRICTS (districtId, siDistrictName, enDistrictName, taDistrictName)  VALUES(52, 'අම්පාර', 'Ampara', 'அம்பா‍‍றை');
INSERT INTO COMMON.DISTRICTS (districtId, siDistrictName, enDistrictName, taDistrictName)  VALUES(53, 'ත්‍රිකුණාමලය', 'Trincomalee', 'திரு‍கோண‍மலை');
INSERT INTO COMMON.DISTRICTS (districtId, siDistrictName, enDistrictName, taDistrictName)  VALUES(61, 'කුරුණෑගල', 'Kurunegala', 'குருணாக‍லை');
INSERT INTO COMMON.DISTRICTS (districtId, siDistrictName, enDistrictName, taDistrictName)  VALUES(62, 'පුත්තලම', 'Puttalam', 'புத்தளம்');
INSERT INTO COMMON.DISTRICTS (districtId, siDistrictName, enDistrictName, taDistrictName)  VALUES(71, 'අනුරාධපුරය', 'Anuradhapura', 'அநுராதபுரம்');
INSERT INTO COMMON.DISTRICTS (districtId, siDistrictName, enDistrictName, taDistrictName)  VALUES(72, 'පොළොන්නරුව', 'Polonnaruwa', '‎பொலண்ணரு‍வை');
INSERT INTO COMMON.DISTRICTS (districtId, siDistrictName, enDistrictName, taDistrictName)  VALUES(81, 'බදුල්ල', 'Badulla', 'பது‍ளை');
INSERT INTO COMMON.DISTRICTS (districtId, siDistrictName, enDistrictName, taDistrictName)  VALUES(82, 'මොනරාගල', 'Moneragala', '‎மொணராக‍லை');
INSERT INTO COMMON.DISTRICTS (districtId, siDistrictName, enDistrictName, taDistrictName)  VALUES(91, 'රත්නපුර', 'Ratnapura', 'இரத்திணபுரி');
INSERT INTO COMMON.DISTRICTS (districtId, siDistrictName, enDistrictName, taDistrictName)  VALUES(92, 'කෑගල්ල', 'Kegalle', '‍‎‍‍‍கேகா‍லை');

-- districtUKey = 1 is DistrictID 11 - Colombo
INSERT INTO COMMON.DS_DIVISIONS(districtUKey, divisionId, siDivisionName, enDivisionName, taDivisionName) VALUES(1, 3, 'කොළඹ', 'Colombo', 'கொழும்பு');
INSERT INTO COMMON.DS_DIVISIONS(districtUKey, divisionId, siDivisionName, enDivisionName, taDivisionName) VALUES(1, 6, 'කොළොන්නාව', 'Kolonnawa', 'கொ‎லொண்ணா‍வை');
INSERT INTO COMMON.DS_DIVISIONS(districtUKey, divisionId, siDivisionName, enDivisionName, taDivisionName) VALUES(1, 9, 'කඩුවෙළ', 'Kaduwela', 'கடு‎வெ‍லை');
INSERT INTO COMMON.DS_DIVISIONS(districtUKey, divisionId, siDivisionName, enDivisionName, taDivisionName) VALUES(1, 12, 'හෝමගම', 'Homagama', 'ஹோமாகம');
INSERT INTO COMMON.DS_DIVISIONS(districtUKey, divisionId, siDivisionName, enDivisionName, taDivisionName) VALUES(1, 15, 'හංවැල්ල', 'Hanwella', 'ஹங்‎வெல்‍லை');
INSERT INTO COMMON.DS_DIVISIONS(districtUKey, divisionId, siDivisionName, enDivisionName, taDivisionName) VALUES(1, 18, 'පාදුක්ක', 'Padukka', 'பாதுக்‍கை');
INSERT INTO COMMON.DS_DIVISIONS(districtUKey, divisionId, siDivisionName, enDivisionName, taDivisionName) VALUES(1, 21, 'මහරගම', 'Maharagama', 'மஹரகம');
INSERT INTO COMMON.DS_DIVISIONS(districtUKey, divisionId, siDivisionName, enDivisionName, taDivisionName) VALUES(1, 24, 'ශ්‍රී ජයවර්ධනපුර කෝට්ටෙ', 'Sri Jayawardanapura Kotte', 'ஸ்ரீ ஜயவர்தணபுர ‍கோட்‍டை');
INSERT INTO COMMON.DS_DIVISIONS(districtUKey, divisionId, siDivisionName, enDivisionName, taDivisionName) VALUES(1, 27, 'තිඹිරිගස්යාය', 'Thimbirigasyaya', 'திம்பிரிகஸ்யா‍யை');
INSERT INTO COMMON.DS_DIVISIONS(districtUKey, divisionId, siDivisionName, enDivisionName, taDivisionName) VALUES(1, 30, 'දෙහිවල -ගල්කිස්ස', 'Dehiwala-Mount Lavinia', 'தெஹிவளை-கல்கிஸ்‍ஸ');
INSERT INTO COMMON.DS_DIVISIONS(districtUKey, divisionId, siDivisionName, enDivisionName, taDivisionName) VALUES(1, 31, 'රත්මලාන', 'Ratmalana', 'இரத்மழா‍ணை');
INSERT INTO COMMON.DS_DIVISIONS(districtUKey, divisionId, siDivisionName, enDivisionName, taDivisionName) VALUES(1, 33, 'මොරටුව', 'Moratuwa', 'மொரட்டு‍வை');
INSERT INTO COMMON.DS_DIVISIONS(districtUKey, divisionId, siDivisionName, enDivisionName, taDivisionName) VALUES(1, 36, 'කැස්බෑව', 'Kesbewa', '‎கெஸ்‍‍பே‍வை');
-- districtUKey = 2 is DistrictID 12 - Gampaha
INSERT INTO COMMON.DS_DIVISIONS(districtUKey, divisionId, siDivisionName, enDivisionName, taDivisionName) VALUES(2, 3, 'මීගමුව', 'Negombo', 'நீர்கொழும்பு');
INSERT INTO COMMON.DS_DIVISIONS(districtUKey, divisionId, siDivisionName, enDivisionName, taDivisionName) VALUES(2, 6, 'කටාන', 'Katana', 'கடா‍ணை');
INSERT INTO COMMON.DS_DIVISIONS(districtUKey, divisionId, siDivisionName, enDivisionName, taDivisionName) VALUES(2, 9, 'දිවුලපිටිය', 'Divulapitiya', 'திவுலப்பிட்டிய');
INSERT INTO COMMON.DS_DIVISIONS(districtUKey, divisionId, siDivisionName, enDivisionName, taDivisionName) VALUES(2, 12, 'මීරිගම', 'Mirigama', 'மீரிகமை');
INSERT INTO COMMON.DS_DIVISIONS(districtUKey, divisionId, siDivisionName, enDivisionName, taDivisionName) VALUES(2, 15, 'මිනුවන්ගොඩ', 'Minuwangoda', 'மிணுவாங்‎‎கொ‍டை');
INSERT INTO COMMON.DS_DIVISIONS(districtUKey, divisionId, siDivisionName, enDivisionName, taDivisionName) VALUES(2, 18, 'වත්තල', 'Wattala', 'வத்தளை');
INSERT INTO COMMON.DS_DIVISIONS(districtUKey, divisionId, siDivisionName, enDivisionName, taDivisionName) VALUES(2, 21, 'ජා-ඇල', 'Ja-Ela', 'ஜா-எல');
INSERT INTO COMMON.DS_DIVISIONS(districtUKey, divisionId, siDivisionName, enDivisionName, taDivisionName) VALUES(2, 24, 'ගම්පහ', 'Gampaha', 'கம்பஹ');
INSERT INTO COMMON.DS_DIVISIONS(districtUKey, divisionId, siDivisionName, enDivisionName, taDivisionName) VALUES(2, 27, 'අත්තනගල්ල', 'Attanagalla', 'அத்தணகல்‍லை');
INSERT INTO COMMON.DS_DIVISIONS(districtUKey, divisionId, siDivisionName, enDivisionName, taDivisionName) VALUES(2, 30, 'දොම්පෙ', 'Dompe', '‎தொம்‍பே');
INSERT INTO COMMON.DS_DIVISIONS(districtUKey, divisionId, siDivisionName, enDivisionName, taDivisionName) VALUES(2, 33, 'මහර', 'Mahara', 'மஹற');
INSERT INTO COMMON.DS_DIVISIONS(districtUKey, divisionId, siDivisionName, enDivisionName, taDivisionName) VALUES(2, 36, 'කැළණිය', 'Kelaniya', 'களணி');
INSERT INTO COMMON.DS_DIVISIONS(districtUKey, divisionId, siDivisionName, enDivisionName, taDivisionName) VALUES(2, 39, 'බියගම', 'Biyagama', 'பியக‍மை');
-- districtUKey = 3 is DistrictID 13 - Kalutara
INSERT INTO COMMON.DS_DIVISIONS(districtUKey, divisionId, siDivisionName, enDivisionName, taDivisionName) VALUES(3, 3, 'පානදුර', 'Panadura', 'பாணத்து‍றை');
INSERT INTO COMMON.DS_DIVISIONS(districtUKey, divisionId, siDivisionName, enDivisionName, taDivisionName) VALUES(3, 6, 'බණ්ඩාරගම', 'Bandaragama', 'பண்டாரக‍மை');
INSERT INTO COMMON.DS_DIVISIONS(districtUKey, divisionId, siDivisionName, enDivisionName, taDivisionName) VALUES(3, 9, 'හොරණ', 'Horana', '‎ஹொற‍ணை');
INSERT INTO COMMON.DS_DIVISIONS(districtUKey, divisionId, siDivisionName, enDivisionName, taDivisionName) VALUES(3, 10, 'ඉංගිරිය', 'Ingiriya', 'இங்கிரிய');
INSERT INTO COMMON.DS_DIVISIONS(districtUKey, divisionId, siDivisionName, enDivisionName, taDivisionName) VALUES(3, 12, 'බුලත්සිංහල', 'Bulathsinhala', 'புழத்சிங்கள');
INSERT INTO COMMON.DS_DIVISIONS(districtUKey, divisionId, siDivisionName, enDivisionName, taDivisionName) VALUES(3, 15, 'මදුරාවල', 'Madurawela', 'மதுரா‎வெள');
INSERT INTO COMMON.DS_DIVISIONS(districtUKey, divisionId, siDivisionName, enDivisionName, taDivisionName) VALUES(3, 18, 'මිල්ලනිය', 'Millaniya', 'மில்லணிய');
INSERT INTO COMMON.DS_DIVISIONS(districtUKey, divisionId, siDivisionName, enDivisionName, taDivisionName) VALUES(3, 21, 'කළුතර', 'Kalutara', 'களுத்து‍றை');
INSERT INTO COMMON.DS_DIVISIONS(districtUKey, divisionId, siDivisionName, enDivisionName, taDivisionName) VALUES(3, 24, 'බේරුවල', 'Beruwala', '‍‍பேறுவ‍ளை');
INSERT INTO COMMON.DS_DIVISIONS(districtUKey, divisionId, siDivisionName, enDivisionName, taDivisionName) VALUES(3, 27, 'දොඩම්ගොඩ', 'Dodangoda', '‎தொடந்தூவை');
INSERT INTO COMMON.DS_DIVISIONS(districtUKey, divisionId, siDivisionName, enDivisionName, taDivisionName) VALUES(3, 30, 'මතුගම', 'Mathugama', 'மத்துக‍மை');
INSERT INTO COMMON.DS_DIVISIONS(districtUKey, divisionId, siDivisionName, enDivisionName, taDivisionName) VALUES(3, 33, 'අගලවත්ත', 'Agalawatta', 'அகளவத்‍தை');
INSERT INTO COMMON.DS_DIVISIONS(districtUKey, divisionId, siDivisionName, enDivisionName, taDivisionName) VALUES(3, 36, 'පාලින්ද නුවර', 'Palindanuwara', 'பாலிந்தநுவர');
INSERT INTO COMMON.DS_DIVISIONS(districtUKey, divisionId, siDivisionName, enDivisionName, taDivisionName) VALUES(3, 39, 'වලල්ලාවිට', 'Walallavita', 'வளள்ளாவிட்ட');

-- Birth Death Declaration Divisions
INSERT INTO CRS.BD_DIVISIONS (DSDIVISIONUKEY, DIVISIONID, SIDIVISIONNAME, ENDIVISIONNAME, TADIVISIONNAME) VALUES(1, 1, 'කොළඹ කොටුව (Medical)', 'Colombo Fort (Medical)', 'கொலோம்போ போர');
INSERT INTO CRS.BD_DIVISIONS (DSDIVISIONUKEY, DIVISIONID, SIDIVISIONNAME, ENDIVISIONNAME, TADIVISIONNAME) VALUES(1, 2, 'කොම්පන්න වීදීය (Medical)', 'Slave Island (Medical)', 'ச்லவே இச்லாந்து');
INSERT INTO CRS.BD_DIVISIONS (DSDIVISIONUKEY, DIVISIONID, SIDIVISIONNAME, ENDIVISIONNAME, TADIVISIONNAME) VALUES(1, 3, 'අලුත් කඩේ (Medical)', 'New Bazzar (Medical)', 'அழுத் கடி');
INSERT INTO CRS.BD_DIVISIONS (DSDIVISIONUKEY, DIVISIONID, SIDIVISIONNAME, ENDIVISIONNAME, TADIVISIONNAME) VALUES(2, 8, 'කොලොන්නාව (Medical)', 'Kolonnawa (Medical)', 'கொலோம்போ போர்ட');
INSERT INTO CRS.BD_DIVISIONS (DSDIVISIONUKEY, DIVISIONID, SIDIVISIONNAME, ENDIVISIONNAME, TADIVISIONNAME) VALUES(2, 9, 'අම්බතලෙන් පහල', 'Ambathalen Pahala', 'ச்லவே இச்லாந்து');
INSERT INTO CRS.BD_DIVISIONS (DSDIVISIONUKEY, DIVISIONID, SIDIVISIONNAME, ENDIVISIONNAME, TADIVISIONNAME) VALUES(2, 10, 'අංගොඩ', 'Angoda', 'அழுத் கடி (MEDICAL)');
INSERT INTO CRS.BD_DIVISIONS (DSDIVISIONUKEY, DIVISIONID, SIDIVISIONNAME, ENDIVISIONNAME, TADIVISIONNAME) VALUES(3, 12, 'රණාල  / නවගමුව', 'Ranala / Nawagamuwa', 'கொலோம்போ போர்');
INSERT INTO CRS.BD_DIVISIONS (DSDIVISIONUKEY, DIVISIONID, SIDIVISIONNAME, ENDIVISIONNAME, TADIVISIONNAME) VALUES(3, 13, 'බත්තරමුල්ල', 'Battaramulla', 'ச்லவே இச்லாந்து');

INSERT INTO CRS.BD_DIVISIONS (DSDIVISIONUKEY, DIVISIONID, SIDIVISIONNAME, ENDIVISIONNAME, TADIVISIONNAME) VALUES(14, 1, 'මීගමුව රෝහල(Medical)', 'Negombo Hospital (Medical)', 'கொலோம்போ போர்ட');
INSERT INTO CRS.BD_DIVISIONS (DSDIVISIONUKEY, DIVISIONID, SIDIVISIONNAME, ENDIVISIONNAME, TADIVISIONNAME) VALUES(14, 2, 'මීගමුව නගරය', 'Negombo Town', 'ச்லவே இச்லாந்து');
INSERT INTO CRS.BD_DIVISIONS (DSDIVISIONUKEY, DIVISIONID, SIDIVISIONNAME, ENDIVISIONNAME, TADIVISIONNAME) VALUES(14, 3, 'තලාහේන', 'Talahena', 'அழுத் கடி');
INSERT INTO CRS.BD_DIVISIONS (DSDIVISIONUKEY, DIVISIONID, SIDIVISIONNAME, ENDIVISIONNAME, TADIVISIONNAME) VALUES(15, 5, 'ඔටාර බටහිර', 'Otara West', 'கொலோம்போ போர்ட');
INSERT INTO CRS.BD_DIVISIONS (DSDIVISIONUKEY, DIVISIONID, SIDIVISIONNAME, ENDIVISIONNAME, TADIVISIONNAME) VALUES(15, 3, 'ආඬිඅම්බලම', 'Andiambalama', 'ச்லவே இச்லாந்து');
INSERT INTO CRS.BD_DIVISIONS (DSDIVISIONUKEY, DIVISIONID, SIDIVISIONNAME, ENDIVISIONNAME, TADIVISIONNAME) VALUES(15, 7, 'කටුනායක සීදුව', 'Katunayaka-Seeduwa', 'அழுத் கடி');
INSERT INTO CRS.BD_DIVISIONS (DSDIVISIONUKEY, DIVISIONID, SIDIVISIONNAME, ENDIVISIONNAME, TADIVISIONNAME) VALUES(16, 9, 'ඔටාර  නැගෙනහිර', 'Otara East', 'கொலோம்போ போர்ட');
INSERT INTO CRS.BD_DIVISIONS (DSDIVISIONUKEY, DIVISIONID, SIDIVISIONNAME, ENDIVISIONNAME, TADIVISIONNAME) VALUES(16, 10, 'යටිගහ  උතුර', 'Yatigaha North', 'ச்லவே இச்லாந்து');
INSERT INTO CRS.BD_DIVISIONS (DSDIVISIONUKEY, DIVISIONID, SIDIVISIONNAME, ENDIVISIONNAME, TADIVISIONNAME) VALUES(16, 11, 'ගොඩකහ', 'Godakaha', 'அழுத் கடி');

INSERT INTO CRS.BD_DIVISIONS (DSDIVISIONUKEY, DIVISIONID, SIDIVISIONNAME, ENDIVISIONNAME, TADIVISIONNAME) VALUES(27, 1, 'පානදුර  (Medical)', 'Panadura (Medical)', 'கொலோம்போ போர்ட');
INSERT INTO CRS.BD_DIVISIONS (DSDIVISIONUKEY, DIVISIONID, SIDIVISIONNAME, ENDIVISIONNAME, TADIVISIONNAME) VALUES(27, 2, 'වාද්දුව', 'Wadduwa', 'ச்லவே இச்லாந்து');
INSERT INTO CRS.BD_DIVISIONS (DSDIVISIONUKEY, DIVISIONID, SIDIVISIONNAME, ENDIVISIONNAME, TADIVISIONNAME) VALUES(27, 3, 'ගොරකපොල', 'Gorakapola', 'அழுத் கடி');
INSERT INTO CRS.BD_DIVISIONS (DSDIVISIONUKEY, DIVISIONID, SIDIVISIONNAME, ENDIVISIONNAME, TADIVISIONNAME) VALUES(28, 5, 'බණ්ඩාරගම ', 'Bandaragama', 'கொலோம்போ போர்ட');
INSERT INTO CRS.BD_DIVISIONS (DSDIVISIONUKEY, DIVISIONID, SIDIVISIONNAME, ENDIVISIONNAME, TADIVISIONNAME) VALUES(28, 3, 'රයිගම', 'Raigama', 'ச்லவே இச்லாந்து');
INSERT INTO CRS.BD_DIVISIONS (DSDIVISIONUKEY, DIVISIONID, SIDIVISIONNAME, ENDIVISIONNAME, TADIVISIONNAME) VALUES(29, 0, 'ප්‍රාදේශීය ලේකම් කොට්ටාශය', 'Divisional Secretarial', 'கொலோம்போ போர்ட');
INSERT INTO CRS.BD_DIVISIONS (DSDIVISIONUKEY, DIVISIONID, SIDIVISIONNAME, ENDIVISIONNAME, TADIVISIONNAME) VALUES(29, 7, 'හොරණ නගරය (Medical)', 'Horana Town (Medical)', 'ச்லவே இச்லாந்து');
INSERT INTO CRS.BD_DIVISIONS (DSDIVISIONUKEY, DIVISIONID, SIDIVISIONNAME, ENDIVISIONNAME, TADIVISIONNAME) VALUES(29, 8, 'කුඹුක', 'Kumbuka', 'அழுத் கடி');

INSERT INTO COMMON.ROLES (ROLEID, NAME) VALUES('ADMIN',  'System Administrator');
INSERT INTO COMMON.ROLES (ROLEID, NAME) VALUES('RG',  'Registrar General');
INSERT INTO COMMON.ROLES (ROLEID, NAME) VALUES('ARG', 'Assistant Registrar General / Provincial Registrar');
INSERT INTO COMMON.ROLES (ROLEID, NAME) VALUES('DR',  'Additional Registrar General / District Registrar');
INSERT INTO COMMON.ROLES (ROLEID, NAME) VALUES('ADR', 'Additional District Registrar');
INSERT INTO COMMON.ROLES (ROLEID, NAME) VALUES('DEO', 'Data Entry Operator / Clerk');

INSERT INTO COMMON.USERS (USERID, ROLEID, PIN, USERNAME, PASSWORDHASH, PREFLANGUAGE, PREFBDDISTRICTUKEY, PREFBDDSDIVISIONUKEY) VALUES('admin', 'ADMIN', '105', 'System Administrator', 'W6ph5Mm5Pz8GgiULbPgzG37mj9g=', 'SI', 1, 1);
INSERT INTO COMMON.USERS (USERID, ROLEID, PIN, USERNAME, PASSWORDHASH, PREFLANGUAGE, PREFBDDISTRICTUKEY, PREFBDDSDIVISIONUKEY) VALUES('rg', 'RG','104', 'Registrar General Sri Lanka', 'W6ph5Mm5Pz8GgiULbPgzG37mj9g=', 'SI', 1, 1);
INSERT INTO COMMON.USERS (USERID, ROLEID, PIN, USERNAME, PASSWORDHASH, PREFLANGUAGE, PREFBDDISTRICTUKEY, PREFBDDSDIVISIONUKEY) VALUES('arg-western', 'ARG','103', 'Western Province Registrar', 'W6ph5Mm5Pz8GgiULbPgzG37mj9g=', 'SI', 1, 1);

INSERT INTO COMMON.USERS (USERID, ROLEID, PIN, USERNAME, PASSWORDHASH, PREFLANGUAGE) VALUES('dr-colombo', 'DR', '301', 'District Registrar - Colombo', 'W6ph5Mm5Pz8GgiULbPgzG37mj9g=', 'SI');
INSERT INTO COMMON.USERS (USERID, ROLEID, PIN, USERNAME, PASSWORDHASH, PREFLANGUAGE) VALUES('dr-gampaha', 'DR','302', 'District Registrar - Gampaha', 'W6ph5Mm5Pz8GgiULbPgzG37mj9g=', 'SI');
INSERT INTO COMMON.USERS (USERID, ROLEID, PIN, USERNAME, PASSWORDHASH, PREFLANGUAGE) VALUES('dr-kalutara', 'DR','302', 'District Registrar - Kalutara', 'W6ph5Mm5Pz8GgiULbPgzG37mj9g=', 'SI');

INSERT INTO COMMON.USERS (USERID, ROLEID, PIN, USERNAME, PASSWORDHASH, PREFLANGUAGE) VALUES('adr-colombo-colombo', 'ADR', '303', 'ADR - Colombo/Colombo', 'W6ph5Mm5Pz8GgiULbPgzG37mj9g=', 'SI');
INSERT INTO COMMON.USERS (USERID, ROLEID, PIN, USERNAME, PASSWORDHASH, PREFLANGUAGE) VALUES('adr-gampaha-negambo', 'ADR', '306', 'ADR - Gampaha/Negambo', 'W6ph5Mm5Pz8GgiULbPgzG37mj9g=', 'SI');
INSERT INTO COMMON.USERS (USERID, ROLEID, PIN, USERNAME, PASSWORDHASH, PREFLANGUAGE) VALUES('adr-kalutara-panadura', 'ADR', '309', 'ADR  - Kalutara/Panadura', 'W6ph5Mm5Pz8GgiULbPgzG37mj9g=', 'SI');

INSERT INTO COMMON.USERS (USERID, ROLEID, PIN, USERNAME, PASSWORDHASH, PREFLANGUAGE) VALUES('deo-colombo-colombo', 'DEO', '103', 'Data Entry Operator Colombo/Colombo', 'W6ph5Mm5Pz8GgiULbPgzG37mj9g=', 'SI');
INSERT INTO COMMON.USERS (USERID, ROLEID, PIN, USERNAME, PASSWORDHASH, PREFLANGUAGE) VALUES('deo-gampaha-negambo', 'DEO', '103', 'Data Entry Operator Gampaha/Negambo', 'W6ph5Mm5Pz8GgiULbPgzG37mj9g=', 'SI');
INSERT INTO COMMON.USERS (USERID, ROLEID, PIN, USERNAME, PASSWORDHASH, PREFLANGUAGE) VALUES('deo-kalutara-panadura', 'DEO', '103', 'Data Entry Operator Kalutara/Panadura', 'W6ph5Mm5Pz8GgiULbPgzG37mj9g=', 'SI');

INSERT INTO COMMON.USERS (USERID, ROLEID, PIN, USERNAME, PASSWORDHASH, PREFLANGUAGE) VALUES('ashoka', 'ADR', '201', 'Ashoka Ekanayake - ADR Colombo / Colombo Fort (Medical)', 'XJRyDE28JvEY2IGylnz+w5CnnTA=', 'SI');
INSERT INTO COMMON.USERS (USERID, ROLEID, PIN, USERNAME, PASSWORDHASH, PREFLANGUAGE) VALUES('asankha', 'ADR', '202', 'Asankha Perera - ADR Colombo / Colombo Fort (Medical)', 'JZiuu/n4ImMnYfxJ+ttGR9LyYmo=', 'SI');
INSERT INTO COMMON.USERS (USERID, ROLEID, PIN, USERNAME, PASSWORDHASH, PREFLANGUAGE) VALUES('duminda', 'ADR', '203', 'Duminda - ADR Colombo / Colombo Fort (Medical)', '8OYuek4Vs7ebel1Trtm4sy8tB8w=', 'SI');
INSERT INTO COMMON.USERS (USERID, ROLEID, PIN, USERNAME, PASSWORDHASH, PREFLANGUAGE) VALUES('indunil', 'ADR', '204', 'Indunil - ADR Colombo / Colombo Fort (Medical)', 'JZEs/79kaLxs0n4DOER6fN1vKLY=', 'SI');
INSERT INTO COMMON.USERS (USERID, ROLEID, PIN, USERNAME, PASSWORDHASH, PREFLANGUAGE) VALUES('amith', 'ADR', '205', 'Amith - ADR Colombo / Colombo Fort (Medical)', 'RI/xsIJu3GrYsfWr2sLPf88I+Ks=', 'SI');
INSERT INTO COMMON.USERS (USERID, ROLEID, PIN, USERNAME, PASSWORDHASH, PREFLANGUAGE) VALUES('chathuranga', 'ADR', '206', 'Chathuranga - ADR Colombo / Colombo Fort (Medical)', 'hEFeb6UFV1Kxst3H0N9p/Ics/dI=', 'SI');

-- ARG western province has access to all districts for BD, and colombo district for MR
INSERT INTO COMMON.USER_BDDISTRICTS VALUES('arg-western', 1);
INSERT INTO COMMON.USER_BDDISTRICTS VALUES('arg-western', 2);
INSERT INTO COMMON.USER_BDDISTRICTS VALUES('arg-western', 3);

INSERT INTO COMMON.USER_MRDISTRICTS VALUES('arg-western', 1);

-- DR of Colombo district has access only to Colombo district, similarly other DRs for Gampaha and Kalutara. MR is similar
INSERT INTO COMMON.USER_BDDISTRICTS VALUES('dr-colombo', 1);
INSERT INTO COMMON.USER_BDDISTRICTS VALUES('dr-gampaha', 2);
INSERT INTO COMMON.USER_BDDISTRICTS VALUES('dr-kalutara', 3);

INSERT INTO COMMON.USER_MRDISTRICTS VALUES('dr-colombo', 1);
INSERT INTO COMMON.USER_MRDISTRICTS VALUES('dr-gampaha', 2);
INSERT INTO COMMON.USER_MRDISTRICTS VALUES('dr-kalutara', 3);

-- ADR Colombo/Colombo has access to Colombo district, similarly other ADRs and DEOs... MR is similar for ADRs but DEOs are not MR
INSERT INTO COMMON.USER_BDDISTRICTS VALUES('adr-colombo-colombo', 1);
INSERT INTO COMMON.USER_BDDISTRICTS VALUES('adr-gampaha-negambo', 2);
INSERT INTO COMMON.USER_BDDISTRICTS VALUES('adr-kalutara-panadura', 3);
INSERT INTO COMMON.USER_BDDISTRICTS VALUES('deo-colombo-colombo', 1);
INSERT INTO COMMON.USER_BDDISTRICTS VALUES('deo-gampaha-negambo', 2);
INSERT INTO COMMON.USER_BDDISTRICTS VALUES('deo-kalutara-panadura', 2);

INSERT INTO COMMON.USER_MRDISTRICTS VALUES('adr-colombo-colombo', 1);
INSERT INTO COMMON.USER_MRDISTRICTS VALUES('adr-gampaha-negambo', 2);
INSERT INTO COMMON.USER_MRDISTRICTS VALUES('adr-kalutara-panadura', 3);

INSERT INTO COMMON.USER_BDDISTRICTS VALUES('ashoka', 1);
INSERT INTO COMMON.USER_BDDISTRICTS VALUES('asankha', 1);
INSERT INTO COMMON.USER_BDDISTRICTS VALUES('duminda', 1);
INSERT INTO COMMON.USER_BDDISTRICTS VALUES('indunil', 1);
INSERT INTO COMMON.USER_BDDISTRICTS VALUES('amith', 1);
INSERT INTO COMMON.USER_BDDISTRICTS VALUES('chathuranga', 1);

INSERT INTO COMMON.USER_MRDISTRICTS VALUES('ashoka', 1);
INSERT INTO COMMON.USER_MRDISTRICTS VALUES('asankha', 1);
INSERT INTO COMMON.USER_MRDISTRICTS VALUES('duminda', 1);
INSERT INTO COMMON.USER_MRDISTRICTS VALUES('indunil', 1);
INSERT INTO COMMON.USER_MRDISTRICTS VALUES('amith', 1);
INSERT INTO COMMON.USER_MRDISTRICTS VALUES('chathuranga', 1);

-- ADR Colombo/Colombo has access to Colombo district/Colombo DS Division, similarly other ADRs and DEOs..
INSERT INTO COMMON.USER_BDDSDIVISIONS VALUES('adr-colombo-colombo', 1);
INSERT INTO COMMON.USER_BDDSDIVISIONS VALUES('adr-gampaha-negambo', 14);
INSERT INTO COMMON.USER_BDDSDIVISIONS VALUES('adr-kalutara-panadura', 27);
INSERT INTO COMMON.USER_BDDSDIVISIONS VALUES('deo-colombo-colombo', 1);
INSERT INTO COMMON.USER_BDDSDIVISIONS VALUES('deo-gampaha-negambo', 14);
INSERT INTO COMMON.USER_BDDSDIVISIONS VALUES('deo-kalutara-panadura', 27);

INSERT INTO COMMON.USER_BDDSDIVISIONS VALUES('ashoka', 1);
INSERT INTO COMMON.USER_BDDSDIVISIONS VALUES('asankha', 1);
INSERT INTO COMMON.USER_BDDSDIVISIONS VALUES('duminda', 6);
INSERT INTO COMMON.USER_BDDSDIVISIONS VALUES('indunil', 1);
INSERT INTO COMMON.USER_BDDSDIVISIONS VALUES('amith', 1);
INSERT INTO COMMON.USER_BDDSDIVISIONS VALUES('chathuranga', 1);

-- Colombo district, Colombo Fort (Medical) Birth declarations
-- Colombo district, Colombo Fort (Medical) Birth declarations
INSERT INTO CRS.BIRTH_REGISTER (bdDivisionUKey, bdfSerialNo, childFullNameEnglish, childFullNameOfficialLang, dateOfBirth, dateOfRegistration, childGender, status, informantType, informantName, informantAddress, informantSignDate, notifyingAuthorityPIN, notifyingAuthorityName, notifyingAuthorityAddress, notifyingAuthoritySignDate)
 values (1, 20101000, 'A1000 Baby name in English', 'A1000 බබාගේ නම සිංහලෙන්', '2010-02-26', '2010-03-01', 0, 0, 1,'Informant name for A1000', 'Informant address for A1000', '2010-03-01', '1222233453', 'Notifying Authority 1 Name', 'Notifying Authority 1 Address', '2010-03-01');
INSERT INTO CRS.BIRTH_REGISTER (bdDivisionUKey, bdfSerialNo, childFullNameEnglish, childFullNameOfficialLang, dateOfBirth, dateOfRegistration, childGender, status, informantType, informantName, informantAddress, informantSignDate, notifyingAuthorityPIN, notifyingAuthorityName, notifyingAuthorityAddress, notifyingAuthoritySignDate)
 values (1, 20101001, 'A1001 Baby name in English', 'A1001 බබාගේ නම සිංහලෙන්', '2010-02-26', '2010-03-01', 1, 2, 0,'Informant name for A1001', 'Informant address for A1001', '2010-03-01', '1222233453', 'Notifying Authority 1 Name', 'Notifying Authority 1 Address', '2010-03-01');
INSERT INTO CRS.BIRTH_REGISTER (bdDivisionUKey, bdfSerialNo, childFullNameEnglish, childFullNameOfficialLang, dateOfBirth, dateOfRegistration, childGender, status, informantType, informantName, informantAddress, informantSignDate, notifyingAuthorityPIN, notifyingAuthorityName, notifyingAuthorityAddress, notifyingAuthoritySignDate)
 values (1, 20101002, 'A1002 Baby name in English', 'A1002 බබාගේ නම සිංහලෙන්', '2010-02-26', '2010-03-01', 0, 0, 1,'Informant name for A1002', 'Informant address for A1002', '2010-03-01', '1222233453', 'Notifying Authority 1 Name', 'Notifying Authority 1 Address', '2010-03-01');
INSERT INTO CRS.BIRTH_REGISTER (bdDivisionUKey, bdfSerialNo, childFullNameEnglish, childFullNameOfficialLang, dateOfBirth, dateOfRegistration, childGender, status, informantType, informantName, informantAddress, informantSignDate, notifyingAuthorityPIN, notifyingAuthorityName, notifyingAuthorityAddress, notifyingAuthoritySignDate)
 values (1, 20101003, 'A1003 Baby name in English', 'A1003 බබාගේ නම සිංහලෙන්', '2010-02-26', '2010-03-01', 1, 1, 0,'Informant name for A1003', 'Informant address for A1003', '2010-03-01', '1222233453', 'Notifying Authority 1 Name', 'Notifying Authority 1 Address', '2010-03-01');
INSERT INTO CRS.BIRTH_REGISTER (bdDivisionUKey, bdfSerialNo, childFullNameEnglish, childFullNameOfficialLang, dateOfBirth, dateOfRegistration, childGender, status, informantType, informantName, informantAddress, informantSignDate, notifyingAuthorityPIN, notifyingAuthorityName, notifyingAuthorityAddress, notifyingAuthoritySignDate)
 values (1, 20101004, 'A1004 Baby name in English', 'A1004 බබාගේ නම සිංහලෙන්', '2010-02-26', '2010-03-01', 0, 4, 1,'Informant name for A1004', 'Informant address for A1004', '2010-03-01', '1222233453', 'Notifying Authority 1 Name', 'Notifying Authority 1 Address', '2010-03-01');
INSERT INTO CRS.BIRTH_REGISTER (bdDivisionUKey, bdfSerialNo, childFullNameEnglish, childFullNameOfficialLang, dateOfBirth, dateOfRegistration, childGender, status, informantType, informantName, informantAddress, informantSignDate, notifyingAuthorityPIN, notifyingAuthorityName, notifyingAuthorityAddress, notifyingAuthoritySignDate)
 values (1, 20101005, 'A1005 Baby name in English', 'A1005 බබාගේ නම සිංහලෙන්', '2010-02-26', '2010-03-01', 1, 5, 0,'Informant name for A1005', 'Informant address for A1005', '2010-03-01', '1222233453', 'Notifying Authority 1 Name', 'Notifying Authority 1 Address', '2010-03-01');
INSERT INTO CRS.BIRTH_REGISTER (bdDivisionUKey, bdfSerialNo, childFullNameEnglish, childFullNameOfficialLang, dateOfBirth, dateOfRegistration, childGender, status, informantType, informantName, informantAddress, informantSignDate, notifyingAuthorityPIN, notifyingAuthorityName, notifyingAuthorityAddress, notifyingAuthoritySignDate)
 values (1, 20101006, 'A1006 Baby name in English', 'A1006 බබාගේ නම සිංහලෙන්', '2010-02-26', '2010-03-01', 0, 2, 1,'Informant name for A1006', 'Informant address for A1006', '2010-03-01', '1222233453', 'Notifying Authority 1 Name', 'Notifying Authority 1 Address', '2010-03-01');
INSERT INTO CRS.BIRTH_REGISTER (bdDivisionUKey, bdfSerialNo, childFullNameEnglish, childFullNameOfficialLang, dateOfBirth, dateOfRegistration, childGender, status, informantType, informantName, informantAddress, informantSignDate, notifyingAuthorityPIN, notifyingAuthorityName, notifyingAuthorityAddress, notifyingAuthoritySignDate)
 values (1, 20101007, 'A1007 Baby name in English', 'A1007 බබාගේ නම සිංහලෙන්', '2010-02-26', '2010-03-01', 1, 1, 0,'Informant name for A1007', 'Informant address for A1007', '2010-03-01', '1222233453', 'Notifying Authority 1 Name', 'Notifying Authority 1 Address', '2010-03-01');
INSERT INTO CRS.BIRTH_REGISTER (bdDivisionUKey, bdfSerialNo, childFullNameEnglish, childFullNameOfficialLang, dateOfBirth, dateOfRegistration, childGender, status, informantType, informantName, informantAddress, informantSignDate, notifyingAuthorityPIN, notifyingAuthorityName, notifyingAuthorityAddress, notifyingAuthoritySignDate)
 values (1, 20101008, 'A1008 Baby name in English', 'A1008 බබාගේ නම සිංහලෙන්', '2010-02-26', '2010-03-01', 0, 0, 1,'Informant name for A1008', 'Informant address for A1008', '2010-03-01', '1222233453', 'Notifying Authority 1 Name', 'Notifying Authority 1 Address', '2010-03-01');
INSERT INTO CRS.BIRTH_REGISTER (bdDivisionUKey, bdfSerialNo, childFullNameEnglish, childFullNameOfficialLang, dateOfBirth, dateOfRegistration, childGender, status, informantType, informantName, informantAddress, informantSignDate, notifyingAuthorityPIN, notifyingAuthorityName, notifyingAuthorityAddress, notifyingAuthoritySignDate)
 values (1, 20101009, 'A1009 Baby name in English', 'A1009 බබාගේ නම සිංහලෙන්', '2010-02-26', '2010-03-01', 1, 2, 0,'Informant name for A1009', 'Informant address for A1009', '2010-03-01', '1222233453', 'Notifying Authority 1 Name', 'Notifying Authority 1 Address', '2010-03-01');

INSERT INTO CRS.BIRTH_REGISTER (bdDivisionUKey, bdfSerialNo, childFullNameEnglish, childFullNameOfficialLang, dateOfBirth, dateOfRegistration, childGender, status, informantType, informantName, informantAddress, informantSignDate, notifyingAuthorityPIN, notifyingAuthorityName, notifyingAuthorityAddress, notifyingAuthoritySignDate)
 values (1, 20101010, 'A1010 Baby name in English', 'A1010 බබාගේ නම සිංහලෙන්', '2010-02-26', '2010-03-01', 0, 0, 1,'Informant name for A1010', 'Informant address for A1010', '2010-03-01', '1222233453', 'Notifying Authority 1 Name', 'Notifying Authority 1 Address', '2010-03-01');
INSERT INTO CRS.BIRTH_REGISTER (bdDivisionUKey, bdfSerialNo, childFullNameEnglish, childFullNameOfficialLang, dateOfBirth, dateOfRegistration, childGender, status, informantType, informantName, informantAddress, informantSignDate, notifyingAuthorityPIN, notifyingAuthorityName, notifyingAuthorityAddress, notifyingAuthoritySignDate)
 values (1, 20101011, 'A1011 Baby name in English', 'A1011 බබාගේ නම සිංහලෙන්', '2010-02-27', '2010-03-01', 1, 5, 0,'Informant name for A1011', 'Informant address for A1011', '2010-03-01', '1222233453', 'Notifying Authority 1 Name', 'Notifying Authority 1 Address', '2010-03-01');
INSERT INTO CRS.BIRTH_REGISTER (bdDivisionUKey, bdfSerialNo, childFullNameEnglish, childFullNameOfficialLang, dateOfBirth, dateOfRegistration, childGender, status, informantType, informantName, informantAddress, informantSignDate, notifyingAuthorityPIN, notifyingAuthorityName, notifyingAuthorityAddress, notifyingAuthoritySignDate)
 values (1, 20101012, 'A1012 Baby name in English', 'A1012 බබාගේ නම සිංහලෙන්', '2010-02-27', '2010-03-01', 0, 4, 1,'Informant name for A1012', 'Informant address for A1012', '2010-03-01', '1222233453', 'Notifying Authority 1 Name', 'Notifying Authority 1 Address', '2010-03-01');
INSERT INTO CRS.BIRTH_REGISTER (bdDivisionUKey, bdfSerialNo, childFullNameEnglish, childFullNameOfficialLang, dateOfBirth, dateOfRegistration, childGender, status, informantType, informantName, informantAddress, informantSignDate, notifyingAuthorityPIN, notifyingAuthorityName, notifyingAuthorityAddress, notifyingAuthoritySignDate)
 values (1, 20101013, 'A1013 Baby name in English', 'A1013 බබාගේ නම සිංහලෙන්', '2010-02-27', '2010-03-01', 1, 1, 0,'Informant name for A1013', 'Informant address for A1013', '2010-03-01', '1222233453', 'Notifying Authority 1 Name', 'Notifying Authority 1 Address', '2010-03-01');
INSERT INTO CRS.BIRTH_REGISTER (bdDivisionUKey, bdfSerialNo, childFullNameEnglish, childFullNameOfficialLang, dateOfBirth, dateOfRegistration, childGender, status, informantType, informantName, informantAddress, informantSignDate, notifyingAuthorityPIN, notifyingAuthorityName, notifyingAuthorityAddress, notifyingAuthoritySignDate)
 values (1, 20101014, 'A1014 Baby name in English', 'A1014 බබාගේ නම සිංහලෙන්', '2010-02-27', '2010-03-01', 0, 4, 1,'Informant name for A1014', 'Informant address for A1014', '2010-03-01', '1222233453', 'Notifying Authority 1 Name', 'Notifying Authority 1 Address', '2010-03-01');
INSERT INTO CRS.BIRTH_REGISTER (bdDivisionUKey, bdfSerialNo, childFullNameEnglish, childFullNameOfficialLang, dateOfBirth, dateOfRegistration, childGender, status, informantType, informantName, informantAddress, informantSignDate, notifyingAuthorityPIN, notifyingAuthorityName, notifyingAuthorityAddress, notifyingAuthoritySignDate)
 values (1, 20101015, 'A1015 Baby name in English', 'A1015 බබාගේ නම සිංහලෙන්', '2010-02-27', '2010-03-01', 1, 2, 0,'Informant name for A1015', 'Informant address for A1015', '2010-03-01', '1222233453', 'Notifying Authority 1 Name', 'Notifying Authority 1 Address', '2010-03-01');
INSERT INTO CRS.BIRTH_REGISTER (bdDivisionUKey, bdfSerialNo, childFullNameEnglish, childFullNameOfficialLang, dateOfBirth, dateOfRegistration, childGender, status, informantType, informantName, informantAddress, informantSignDate, notifyingAuthorityPIN, notifyingAuthorityName, notifyingAuthorityAddress, notifyingAuthoritySignDate)
 values (1, 20101016, 'A1016 Baby name in English', 'A1016 බබාගේ නම සිංහලෙන්', '2010-02-27', '2010-03-01', 0, 4, 1,'Informant name for A1016', 'Informant address for A1016', '2010-03-01', '1222233453', 'Notifying Authority 1 Name', 'Notifying Authority 1 Address', '2010-03-01');
INSERT INTO CRS.BIRTH_REGISTER (bdDivisionUKey, bdfSerialNo, childFullNameEnglish, childFullNameOfficialLang, dateOfBirth, dateOfRegistration, childGender, status, informantType, informantName, informantAddress, informantSignDate, notifyingAuthorityPIN, notifyingAuthorityName, notifyingAuthorityAddress, notifyingAuthoritySignDate)
 values (1, 20101017, 'A1017 Baby name in English', 'A1017 බබාගේ නම සිංහලෙන්', '2010-02-27', '2010-03-01', 1, 1, 0,'Informant name for A1017', 'Informant address for A1017', '2010-03-01', '1222233453', 'Notifying Authority 1 Name', 'Notifying Authority 1 Address', '2010-03-01');
INSERT INTO CRS.BIRTH_REGISTER (bdDivisionUKey, bdfSerialNo, childFullNameEnglish, childFullNameOfficialLang, dateOfBirth, dateOfRegistration, childGender, status, informantType, informantName, informantAddress, informantSignDate, notifyingAuthorityPIN, notifyingAuthorityName, notifyingAuthorityAddress, notifyingAuthoritySignDate)
 values (1, 20101018, 'A1018 Baby name in English', 'A1018 බබාගේ නම සිංහලෙන්', '2010-02-28', '2010-03-01', 0, 1, 1,'Informant name for A1018', 'Informant address for A1018', '2010-03-01', '1222233453', 'Notifying Authority 1 Name', 'Notifying Authority 1 Address', '2010-03-01');
INSERT INTO CRS.BIRTH_REGISTER (bdDivisionUKey, bdfSerialNo, childFullNameEnglish, childFullNameOfficialLang, dateOfBirth, dateOfRegistration, childGender, status, informantType, informantName, informantAddress, informantSignDate, notifyingAuthorityPIN, notifyingAuthorityName, notifyingAuthorityAddress, notifyingAuthoritySignDate)
 values (1, 20101019, 'A1019 Baby name in English', 'A1019 බබාගේ නම සිංහලෙන්', '2010-02-28', '2010-03-01', 1, 0, 0,'Informant name for A1019', 'Informant address for A1019', '2010-03-01', '1222233453', 'Notifying Authority 1 Name', 'Notifying Authority 1 Address', '2010-03-01');

INSERT INTO CRS.BIRTH_REGISTER (bdDivisionUKey, bdfSerialNo, childFullNameEnglish, childFullNameOfficialLang, dateOfBirth, dateOfRegistration, childGender, status, informantType, informantName, informantAddress, informantSignDate, notifyingAuthorityPIN, notifyingAuthorityName, notifyingAuthorityAddress, notifyingAuthoritySignDate)
 values (1, 20101020, 'A1020 Baby name in English', 'A1020 බබාගේ නම සිංහලෙන්', '2010-02-28', '2010-03-01', 0, 0, 1,'Informant name for A1020', 'Informant address for A1020', '2010-03-01', '1222233453', 'Notifying Authority 1 Name', 'Notifying Authority 1 Address', '2010-03-01');
INSERT INTO CRS.BIRTH_REGISTER (bdDivisionUKey, bdfSerialNo, childFullNameEnglish, childFullNameOfficialLang, dateOfBirth, dateOfRegistration, childGender, status, informantType, informantName, informantAddress, informantSignDate, notifyingAuthorityPIN, notifyingAuthorityName, notifyingAuthorityAddress, notifyingAuthoritySignDate)
 values (1, 20101021, 'A1021 Baby name in English', 'A1021 බබාගේ නම සිංහලෙන්', '2010-02-28', '2010-03-01', 1, 0, 0,'Informant name for A1021', 'Informant address for A1021', '2010-03-01', '1222233453', 'Notifying Authority 1 Name', 'Notifying Authority 1 Address', '2010-03-01');
INSERT INTO CRS.BIRTH_REGISTER (bdDivisionUKey, bdfSerialNo, childFullNameEnglish, childFullNameOfficialLang, dateOfBirth, dateOfRegistration, childGender, status, informantType, informantName, informantAddress, informantSignDate, notifyingAuthorityPIN, notifyingAuthorityName, notifyingAuthorityAddress, notifyingAuthoritySignDate)
 values (1, 20101022, 'A1022 Baby name in English', 'A1022 බබාගේ නම සිංහලෙන්', '2010-02-28', '2010-03-01', 0, 4, 1,'Informant name for A1022', 'Informant address for A1022', '2010-03-01', '1222233453', 'Notifying Authority 1 Name', 'Notifying Authority 1 Address', '2010-03-01');
INSERT INTO CRS.BIRTH_REGISTER (bdDivisionUKey, bdfSerialNo, childFullNameEnglish, childFullNameOfficialLang, dateOfBirth, dateOfRegistration, childGender, status, informantType, informantName, informantAddress, informantSignDate, notifyingAuthorityPIN, notifyingAuthorityName, notifyingAuthorityAddress, notifyingAuthoritySignDate)
 values (1, 20101023, 'A1023 Baby name in English', 'A1023 බබාගේ නම සිංහලෙන්', '2010-02-28', '2010-03-01', 1, 1, 0,'Informant name for A1023', 'Informant address for A1023', '2010-03-01', '1222233453', 'Notifying Authority 1 Name', 'Notifying Authority 1 Address', '2010-03-01');
INSERT INTO CRS.BIRTH_REGISTER (bdDivisionUKey, bdfSerialNo, childFullNameEnglish, childFullNameOfficialLang, dateOfBirth, dateOfRegistration, childGender, status, informantType, informantName, informantAddress, informantSignDate, notifyingAuthorityPIN, notifyingAuthorityName, notifyingAuthorityAddress, notifyingAuthoritySignDate)
 values (1, 20101024, 'A1024 Baby name in English', 'A1024 බබාගේ නම සිංහලෙන්', '2010-02-28', '2010-03-01', 0, 4, 1,'Informant name for A1024', 'Informant address for A1024', '2010-03-01', '1222233453', 'Notifying Authority 1 Name', 'Notifying Authority 1 Address', '2010-03-01');
INSERT INTO CRS.BIRTH_REGISTER (bdDivisionUKey, bdfSerialNo, childFullNameEnglish, childFullNameOfficialLang, dateOfBirth, dateOfRegistration, childGender, status, informantType, informantName, informantAddress, informantSignDate, notifyingAuthorityPIN, notifyingAuthorityName, notifyingAuthorityAddress, notifyingAuthoritySignDate)
 values (1, 20101025, 'A1025 Baby name in English', 'A1025 බබාගේ නම සිංහලෙන්', '2010-02-28', '2010-03-02', 1, 0, 0,'Informant name for A1025', 'Informant address for A1025', '2010-03-02', '1222233453', 'Notifying Authority 1 Name', 'Notifying Authority 1 Address', '2010-03-02');
INSERT INTO CRS.BIRTH_REGISTER (bdDivisionUKey, bdfSerialNo, childFullNameEnglish, childFullNameOfficialLang, dateOfBirth, dateOfRegistration, childGender, status, informantType, informantName, informantAddress, informantSignDate, notifyingAuthorityPIN, notifyingAuthorityName, notifyingAuthorityAddress, notifyingAuthoritySignDate)
 values (1, 20101026, 'A1026 Baby name in English', 'A1026 බබාගේ නම සිංහලෙන්', '2010-02-28', '2010-03-02', 0, 4, 1,'Informant name for A1026', 'Informant address for A1026', '2010-03-02', '1222233453', 'Notifying Authority 1 Name', 'Notifying Authority 1 Address', '2010-03-02');
INSERT INTO CRS.BIRTH_REGISTER (bdDivisionUKey, bdfSerialNo, childFullNameEnglish, childFullNameOfficialLang, dateOfBirth, dateOfRegistration, childGender, status, informantType, informantName, informantAddress, informantSignDate, notifyingAuthorityPIN, notifyingAuthorityName, notifyingAuthorityAddress, notifyingAuthoritySignDate)
 values (1, 20101027, 'A1027 Baby name in English', 'A1027 බබාගේ නම සිංහලෙන්', '2010-02-28', '2010-03-02', 1, 1, 0,'Informant name for A1027', 'Informant address for A1027', '2010-03-02', '1222233453', 'Notifying Authority 1 Name', 'Notifying Authority 1 Address', '2010-03-02');
INSERT INTO CRS.BIRTH_REGISTER (bdDivisionUKey, bdfSerialNo, childFullNameEnglish, childFullNameOfficialLang, dateOfBirth, dateOfRegistration, childGender, status, informantType, informantName, informantAddress, informantSignDate, notifyingAuthorityPIN, notifyingAuthorityName, notifyingAuthorityAddress, notifyingAuthoritySignDate)
 values (1, 20101028, 'A1028 Baby name in English', 'A1028 බබාගේ නම සිංහලෙන්', '2010-02-28', '2010-03-02', 0, 1, 1,'Informant name for A1028', 'Informant address for A1028', '2010-03-02', '1222233453', 'Notifying Authority 1 Name', 'Notifying Authority 1 Address', '2010-03-02');
INSERT INTO CRS.BIRTH_REGISTER (bdDivisionUKey, bdfSerialNo, childFullNameEnglish, childFullNameOfficialLang, dateOfBirth, dateOfRegistration, childGender, status, informantType, informantName, informantAddress, informantSignDate, notifyingAuthorityPIN, notifyingAuthorityName, notifyingAuthorityAddress, notifyingAuthoritySignDate)
 values (1, 20101029, 'A1029 Baby name in English', 'A1029 බබාගේ නම සිංහලෙන්', '2010-02-28', '2010-03-02', 1, 0, 0,'Informant name for A1029', 'Informant address for A1029', '2010-03-02', '1222233453', 'Notifying Authority 1 Name', 'Notifying Authority 1 Address', '2010-03-02');


-- Colombo district, Slave Island (Medical) Birth declarations
INSERT INTO CRS.BIRTH_REGISTER (bdDivisionUKey, bdfSerialNo, childFullNameEnglish, childFullNameOfficialLang, dateOfBirth, dateOfRegistration, childGender, status, informantType, informantName, informantAddress, informantSignDate, notifyingAuthorityPIN, notifyingAuthorityName, notifyingAuthorityAddress, notifyingAuthoritySignDate)
 values (2, 20101000, 'B1000 Baby name in English', 'B1000 බබාගේ නම සිංහලෙන්', '2010-02-26', '2010-03-01', 0, 0, 1,'Informant name for B1000', 'Informant address for B1000', '2010-03-01', '1222233453', 'Notifying Authority 1 Name', 'Notifying Authority 1 Address', '2010-03-01');
INSERT INTO CRS.BIRTH_REGISTER (bdDivisionUKey, bdfSerialNo, childFullNameEnglish, childFullNameOfficialLang, dateOfBirth, dateOfRegistration, childGender, status, informantType, informantName, informantAddress, informantSignDate, notifyingAuthorityPIN, notifyingAuthorityName, notifyingAuthorityAddress, notifyingAuthoritySignDate)
 values (2, 20101001, 'B1001 Baby name in English', 'B1001 බබාගේ නම සිංහලෙන්', '2010-02-26', '2010-03-01', 1, 0, 0,'Informant name for B1001', 'Informant address for B1001', '2010-03-01', '1222233453', 'Notifying Authority 1 Name', 'Notifying Authority 1 Address', '2010-03-01');
INSERT INTO CRS.BIRTH_REGISTER (bdDivisionUKey, bdfSerialNo, childFullNameEnglish, childFullNameOfficialLang, dateOfBirth, dateOfRegistration, childGender, status, informantType, informantName, informantAddress, informantSignDate, notifyingAuthorityPIN, notifyingAuthorityName, notifyingAuthorityAddress, notifyingAuthoritySignDate)
 values (2, 20101002, 'B1002 Baby name in English', 'B1002 බබාගේ නම සිංහලෙන්', '2010-02-26', '2010-03-01', 0, 4, 1,'Informant name for B1002', 'Informant address for B1002', '2010-03-01', '1222233453', 'Notifying Authority 1 Name', 'Notifying Authority 1 Address', '2010-03-01');
INSERT INTO CRS.BIRTH_REGISTER (bdDivisionUKey, bdfSerialNo, childFullNameEnglish, childFullNameOfficialLang, dateOfBirth, dateOfRegistration, childGender, status, informantType, informantName, informantAddress, informantSignDate, notifyingAuthorityPIN, notifyingAuthorityName, notifyingAuthorityAddress, notifyingAuthoritySignDate)
 values (2, 20101003, 'B1003 Baby name in English', 'B1003 බබාගේ නම සිංහලෙන්', '2010-02-26', '2010-03-01', 1, 1, 0,'Informant name for B1003', 'Informant address for B1003', '2010-03-01', '1222233453', 'Notifying Authority 1 Name', 'Notifying Authority 1 Address', '2010-03-01');
INSERT INTO CRS.BIRTH_REGISTER (bdDivisionUKey, bdfSerialNo, childFullNameEnglish, childFullNameOfficialLang, dateOfBirth, dateOfRegistration, childGender, status, informantType, informantName, informantAddress, informantSignDate, notifyingAuthorityPIN, notifyingAuthorityName, notifyingAuthorityAddress, notifyingAuthoritySignDate)
 values (2, 20101004, 'B1004 Baby name in English', 'B1004 බබාගේ නම සිංහලෙන්', '2010-02-26', '2010-03-01', 0, 4, 1,'Informant name for B1004', 'Informant address for B1004', '2010-03-01', '1222233453', 'Notifying Authority 1 Name', 'Notifying Authority 1 Address', '2010-03-01');
INSERT INTO CRS.BIRTH_REGISTER (bdDivisionUKey, bdfSerialNo, childFullNameEnglish, childFullNameOfficialLang, dateOfBirth, dateOfRegistration, childGender, status, informantType, informantName, informantAddress, informantSignDate, notifyingAuthorityPIN, notifyingAuthorityName, notifyingAuthorityAddress, notifyingAuthoritySignDate)
 values (2, 20101005, 'B1005 Baby name in English', 'B1005 බබාගේ නම සිංහලෙන්', '2010-02-26', '2010-03-01', 1, 0, 0,'Informant name for B1005', 'Informant address for B1005', '2010-03-01', '1222233453', 'Notifying Authority 1 Name', 'Notifying Authority 1 Address', '2010-03-01');
INSERT INTO CRS.BIRTH_REGISTER (bdDivisionUKey, bdfSerialNo, childFullNameEnglish, childFullNameOfficialLang, dateOfBirth, dateOfRegistration, childGender, status, informantType, informantName, informantAddress, informantSignDate, notifyingAuthorityPIN, notifyingAuthorityName, notifyingAuthorityAddress, notifyingAuthoritySignDate)
 values (2, 20101006, 'B1006 Baby name in English', 'B1006 බබාගේ නම සිංහලෙන්', '2010-02-26', '2010-03-01', 0, 4, 1,'Informant name for B1006', 'Informant address for B1006', '2010-03-01', '1222233453', 'Notifying Authority 1 Name', 'Notifying Authority 1 Address', '2010-03-01');
INSERT INTO CRS.BIRTH_REGISTER (bdDivisionUKey, bdfSerialNo, childFullNameEnglish, childFullNameOfficialLang, dateOfBirth, dateOfRegistration, childGender, status, informantType, informantName, informantAddress, informantSignDate, notifyingAuthorityPIN, notifyingAuthorityName, notifyingAuthorityAddress, notifyingAuthoritySignDate)
 values (2, 20101007, 'B1007 Baby name in English', 'B1007 බබාගේ නම සිංහලෙන්', '2010-02-26', '2010-03-01', 1, 1, 0,'Informant name for B1007', 'Informant address for B1007', '2010-03-01', '1222233453', 'Notifying Authority 1 Name', 'Notifying Authority 1 Address', '2010-03-01');
INSERT INTO CRS.BIRTH_REGISTER (bdDivisionUKey, bdfSerialNo, childFullNameEnglish, childFullNameOfficialLang, dateOfBirth, dateOfRegistration, childGender, status, informantType, informantName, informantAddress, informantSignDate, notifyingAuthorityPIN, notifyingAuthorityName, notifyingAuthorityAddress, notifyingAuthoritySignDate)
 values (2, 20101008, 'B1008 Baby name in English', 'B1008 බබාගේ නම සිංහලෙන්', '2010-02-26', '2010-03-01', 0, 1, 1,'Informant name for B1008', 'Informant address for B1008', '2010-03-01', '1222233453', 'Notifying Authority 1 Name', 'Notifying Authority 1 Address', '2010-03-01');
INSERT INTO CRS.BIRTH_REGISTER (bdDivisionUKey, bdfSerialNo, childFullNameEnglish, childFullNameOfficialLang, dateOfBirth, dateOfRegistration, childGender, status, informantType, informantName, informantAddress, informantSignDate, notifyingAuthorityPIN, notifyingAuthorityName, notifyingAuthorityAddress, notifyingAuthoritySignDate)
 values (2, 20101009, 'B1009 Baby name in English', 'B1009 බබාගේ නම සිංහලෙන්', '2010-02-26', '2010-03-01', 1, 0, 0,'Informant name for B1009', 'Informant address for B1009', '2010-03-01', '1222233453', 'Notifying Authority 1 Name', 'Notifying Authority 1 Address', '2010-03-01');

INSERT INTO CRS.BIRTH_REGISTER (bdDivisionUKey, bdfSerialNo, childFullNameEnglish, childFullNameOfficialLang, dateOfBirth, dateOfRegistration, childGender, status, informantType, informantName, informantAddress, informantSignDate, notifyingAuthorityPIN, notifyingAuthorityName, notifyingAuthorityAddress, notifyingAuthoritySignDate)
 values (2, 20101010, 'B1010 Baby name in English', 'B1010 බබාගේ නම සිංහලෙන්', '2010-02-26', '2010-03-01', 0, 0, 1,'Informant name for B1010', 'Informant address for B1010', '2010-03-01', '1222233453', 'Notifying Authority 1 Name', 'Notifying Authority 1 Address', '2010-03-01');
INSERT INTO CRS.BIRTH_REGISTER (bdDivisionUKey, bdfSerialNo, childFullNameEnglish, childFullNameOfficialLang, dateOfBirth, dateOfRegistration, childGender, status, informantType, informantName, informantAddress, informantSignDate, notifyingAuthorityPIN, notifyingAuthorityName, notifyingAuthorityAddress, notifyingAuthoritySignDate)
 values (2, 20101011, 'B1011 Baby name in English', 'B1011 බබාගේ නම සිංහලෙන්', '2010-02-27', '2010-03-01', 1, 0, 0,'Informant name for B1011', 'Informant address for B1011', '2010-03-01', '1222233453', 'Notifying Authority 1 Name', 'Notifying Authority 1 Address', '2010-03-01');
INSERT INTO CRS.BIRTH_REGISTER (bdDivisionUKey, bdfSerialNo, childFullNameEnglish, childFullNameOfficialLang, dateOfBirth, dateOfRegistration, childGender, status, informantType, informantName, informantAddress, informantSignDate, notifyingAuthorityPIN, notifyingAuthorityName, notifyingAuthorityAddress, notifyingAuthoritySignDate)
 values (2, 20101012, 'B1012 Baby name in English', 'B1012 බබාගේ නම සිංහලෙන්', '2010-02-27', '2010-03-01', 0, 4, 1,'Informant name for B1012', 'Informant address for B1012', '2010-03-01', '1222233453', 'Notifying Authority 1 Name', 'Notifying Authority 1 Address', '2010-03-01');
INSERT INTO CRS.BIRTH_REGISTER (bdDivisionUKey, bdfSerialNo, childFullNameEnglish, childFullNameOfficialLang, dateOfBirth, dateOfRegistration, childGender, status, informantType, informantName, informantAddress, informantSignDate, notifyingAuthorityPIN, notifyingAuthorityName, notifyingAuthorityAddress, notifyingAuthoritySignDate)
 values (2, 20101013, 'B1013 Baby name in English', 'B1013 බබාගේ නම සිංහලෙන්', '2010-02-27', '2010-03-01', 1, 1, 0,'Informant name for B1013', 'Informant address for B1013', '2010-03-01', '1222233453', 'Notifying Authority 1 Name', 'Notifying Authority 1 Address', '2010-03-01');
INSERT INTO CRS.BIRTH_REGISTER (bdDivisionUKey, bdfSerialNo, childFullNameEnglish, childFullNameOfficialLang, dateOfBirth, dateOfRegistration, childGender, status, informantType, informantName, informantAddress, informantSignDate, notifyingAuthorityPIN, notifyingAuthorityName, notifyingAuthorityAddress, notifyingAuthoritySignDate)
 values (2, 20101014, 'B1014 Baby name in English', 'B1014 බබාගේ නම සිංහලෙන්', '2010-02-27', '2010-03-01', 0, 4, 1,'Informant name for B1014', 'Informant address for B1014', '2010-03-01', '1222233453', 'Notifying Authority 1 Name', 'Notifying Authority 1 Address', '2010-03-01');
INSERT INTO CRS.BIRTH_REGISTER (bdDivisionUKey, bdfSerialNo, childFullNameEnglish, childFullNameOfficialLang, dateOfBirth, dateOfRegistration, childGender, status, informantType, informantName, informantAddress, informantSignDate, notifyingAuthorityPIN, notifyingAuthorityName, notifyingAuthorityAddress, notifyingAuthoritySignDate)
 values (2, 20101015, 'B1015 Baby name in English', 'B1015 බබාගේ නම සිංහලෙන්', '2010-02-27', '2010-03-01', 1, 0, 0,'Informant name for B1015', 'Informant address for B1015', '2010-03-01', '1222233453', 'Notifying Authority 1 Name', 'Notifying Authority 1 Address', '2010-03-01');
INSERT INTO CRS.BIRTH_REGISTER (bdDivisionUKey, bdfSerialNo, childFullNameEnglish, childFullNameOfficialLang, dateOfBirth, dateOfRegistration, childGender, status, informantType, informantName, informantAddress, informantSignDate, notifyingAuthorityPIN, notifyingAuthorityName, notifyingAuthorityAddress, notifyingAuthoritySignDate)
 values (2, 20101016, 'B1016 Baby name in English', 'B1016 බබාගේ නම සිංහලෙන්', '2010-02-27', '2010-03-01', 0, 4, 1,'Informant name for B1016', 'Informant address for B1016', '2010-03-01', '1222233453', 'Notifying Authority 1 Name', 'Notifying Authority 1 Address', '2010-03-01');
INSERT INTO CRS.BIRTH_REGISTER (bdDivisionUKey, bdfSerialNo, childFullNameEnglish, childFullNameOfficialLang, dateOfBirth, dateOfRegistration, childGender, status, informantType, informantName, informantAddress, informantSignDate, notifyingAuthorityPIN, notifyingAuthorityName, notifyingAuthorityAddress, notifyingAuthoritySignDate)
 values (2, 20101017, 'B1017 Baby name in English', 'B1017 බබාගේ නම සිංහලෙන්', '2010-02-27', '2010-03-01', 1, 1, 0,'Informant name for B1017', 'Informant address for B1017', '2010-03-01', '1222233453', 'Notifying Authority 1 Name', 'Notifying Authority 1 Address', '2010-03-01');
INSERT INTO CRS.BIRTH_REGISTER (bdDivisionUKey, bdfSerialNo, childFullNameEnglish, childFullNameOfficialLang, dateOfBirth, dateOfRegistration, childGender, status, informantType, informantName, informantAddress, informantSignDate, notifyingAuthorityPIN, notifyingAuthorityName, notifyingAuthorityAddress, notifyingAuthoritySignDate)
 values (2, 20101018, 'B1018 Baby name in English', 'B1018 බබාගේ නම සිංහලෙන්', '2010-02-28', '2010-03-01', 0, 1, 1,'Informant name for B1018', 'Informant address for B1018', '2010-03-01', '1222233453', 'Notifying Authority 1 Name', 'Notifying Authority 1 Address', '2010-03-01');
INSERT INTO CRS.BIRTH_REGISTER (bdDivisionUKey, bdfSerialNo, childFullNameEnglish, childFullNameOfficialLang, dateOfBirth, dateOfRegistration, childGender, status, informantType, informantName, informantAddress, informantSignDate, notifyingAuthorityPIN, notifyingAuthorityName, notifyingAuthorityAddress, notifyingAuthoritySignDate)
 values (2, 20101019, 'B1019 Baby name in English', 'B1019 බබාගේ නම සිංහලෙන්', '2010-02-28', '2010-03-01', 1, 0, 0,'Informant name for B1019', 'Informant address for B1019', '2010-03-01', '1222233453', 'Notifying Authority 1 Name', 'Notifying Authority 1 Address', '2010-03-01');

INSERT INTO CRS.BIRTH_REGISTER (bdDivisionUKey, bdfSerialNo, childFullNameEnglish, childFullNameOfficialLang, dateOfBirth, dateOfRegistration, childGender, status, informantType, informantName, informantAddress, informantSignDate, notifyingAuthorityPIN, notifyingAuthorityName, notifyingAuthorityAddress, notifyingAuthoritySignDate)
 values (2, 20101020, 'B1020 Baby name in English', 'B1020 බබාගේ නම සිංහලෙන්', '2010-02-28', '2010-03-01', 0, 0, 1,'Informant name for B1020', 'Informant address for B1020', '2010-03-01', '1222233453', 'Notifying Authority 1 Name', 'Notifying Authority 1 Address', '2010-03-01');
INSERT INTO CRS.BIRTH_REGISTER (bdDivisionUKey, bdfSerialNo, childFullNameEnglish, childFullNameOfficialLang, dateOfBirth, dateOfRegistration, childGender, status, informantType, informantName, informantAddress, informantSignDate, notifyingAuthorityPIN, notifyingAuthorityName, notifyingAuthorityAddress, notifyingAuthoritySignDate)
 values (2, 20101021, 'B1021 Baby name in English', 'B1021 බබාගේ නම සිංහලෙන්', '2010-02-28', '2010-03-01', 1, 0, 0,'Informant name for B1021', 'Informant address for B1021', '2010-03-01', '1222233453', 'Notifying Authority 1 Name', 'Notifying Authority 1 Address', '2010-03-01');
INSERT INTO CRS.BIRTH_REGISTER (bdDivisionUKey, bdfSerialNo, childFullNameEnglish, childFullNameOfficialLang, dateOfBirth, dateOfRegistration, childGender, status, informantType, informantName, informantAddress, informantSignDate, notifyingAuthorityPIN, notifyingAuthorityName, notifyingAuthorityAddress, notifyingAuthoritySignDate)
 values (2, 20101022, 'B1022 Baby name in English', 'B1022 බබාගේ නම සිංහලෙන්', '2010-02-28', '2010-03-01', 0, 4, 1,'Informant name for B1022', 'Informant address for B1022', '2010-03-01', '1222233453', 'Notifying Authority 1 Name', 'Notifying Authority 1 Address', '2010-03-01');
INSERT INTO CRS.BIRTH_REGISTER (bdDivisionUKey, bdfSerialNo, childFullNameEnglish, childFullNameOfficialLang, dateOfBirth, dateOfRegistration, childGender, status, informantType, informantName, informantAddress, informantSignDate, notifyingAuthorityPIN, notifyingAuthorityName, notifyingAuthorityAddress, notifyingAuthoritySignDate)
 values (2, 20101023, 'B1023 Baby name in English', 'B1023 බබාගේ නම සිංහලෙන්', '2010-02-28', '2010-03-01', 1, 1, 0,'Informant name for B1023', 'Informant address for B1023', '2010-03-01', '1222233453', 'Notifying Authority 1 Name', 'Notifying Authority 1 Address', '2010-03-01');
INSERT INTO CRS.BIRTH_REGISTER (bdDivisionUKey, bdfSerialNo, childFullNameEnglish, childFullNameOfficialLang, dateOfBirth, dateOfRegistration, childGender, status, informantType, informantName, informantAddress, informantSignDate, notifyingAuthorityPIN, notifyingAuthorityName, notifyingAuthorityAddress, notifyingAuthoritySignDate)
 values (2, 20101024, 'B1024 Baby name in English', 'B1024 බබාගේ නම සිංහලෙන්', '2010-02-28', '2010-03-01', 0, 5, 1,'Informant name for B1024', 'Informant address for B1024', '2010-03-01', '1222233453', 'Notifying Authority 1 Name', 'Notifying Authority 1 Address', '2010-03-01');
INSERT INTO CRS.BIRTH_REGISTER (bdDivisionUKey, bdfSerialNo, childFullNameEnglish, childFullNameOfficialLang, dateOfBirth, dateOfRegistration, childGender, status, informantType, informantName, informantAddress, informantSignDate, notifyingAuthorityPIN, notifyingAuthorityName, notifyingAuthorityAddress, notifyingAuthoritySignDate)
 values (2, 20101025, 'B1025 Baby name in English', 'B1025 බබාගේ නම සිංහලෙන්', '2010-02-28', '2010-03-02', 1, 0, 0,'Informant name for B1025', 'Informant address for B1025', '2010-03-02', '1222233453', 'Notifying Authority 1 Name', 'Notifying Authority 1 Address', '2010-03-02');
INSERT INTO CRS.BIRTH_REGISTER (bdDivisionUKey, bdfSerialNo, childFullNameEnglish, childFullNameOfficialLang, dateOfBirth, dateOfRegistration, childGender, status, informantType, informantName, informantAddress, informantSignDate, notifyingAuthorityPIN, notifyingAuthorityName, notifyingAuthorityAddress, notifyingAuthoritySignDate)
 values (2, 20101026, 'B1026 Baby name in English', 'B1026 බබාගේ නම සිංහලෙන්', '2010-02-28', '2010-03-02', 0, 4, 1,'Informant name for B1026', 'Informant address for B1026', '2010-03-02', '1222233453', 'Notifying Authority 1 Name', 'Notifying Authority 1 Address', '2010-03-02');
INSERT INTO CRS.BIRTH_REGISTER (bdDivisionUKey, bdfSerialNo, childFullNameEnglish, childFullNameOfficialLang, dateOfBirth, dateOfRegistration, childGender, status, informantType, informantName, informantAddress, informantSignDate, notifyingAuthorityPIN, notifyingAuthorityName, notifyingAuthorityAddress, notifyingAuthoritySignDate)
 values (2, 20101027, 'B1027 Baby name in English', 'B1027 බබාගේ නම සිංහලෙන්', '2010-02-28', '2010-03-02', 1, 1, 0,'Informant name for B1027', 'Informant address for B1027', '2010-03-02', '1222233453', 'Notifying Authority 1 Name', 'Notifying Authority 1 Address', '2010-03-02');
INSERT INTO CRS.BIRTH_REGISTER (bdDivisionUKey, bdfSerialNo, childFullNameEnglish, childFullNameOfficialLang, dateOfBirth, dateOfRegistration, childGender, status, informantType, informantName, informantAddress, informantSignDate, notifyingAuthorityPIN, notifyingAuthorityName, notifyingAuthorityAddress, notifyingAuthoritySignDate)
 values (2, 20101028, 'B1028 Baby name in English', 'B1028 බබාගේ නම සිංහලෙන්', '2010-02-28', '2010-03-02', 0, 1, 1,'Informant name for B1028', 'Informant address for B1028', '2010-03-02', '1222233453', 'Notifying Authority 1 Name', 'Notifying Authority 1 Address', '2010-03-02');
INSERT INTO CRS.BIRTH_REGISTER (bdDivisionUKey, bdfSerialNo, childFullNameEnglish, childFullNameOfficialLang, dateOfBirth, dateOfRegistration, childGender, status, informantType, informantName, informantAddress, informantSignDate, notifyingAuthorityPIN, notifyingAuthorityName, notifyingAuthorityAddress, notifyingAuthoritySignDate)
 values (2, 20101029, 'B1029 Baby name in English', 'B1029 බබාගේ නම සිංහලෙන්', '2010-02-28', '2010-03-02', 1, 0, 0,'Informant name for B1029', 'Informant address for B1029', '2010-03-02', '1222233453', 'Notifying Authority 1 Name', 'Notifying Authority 1 Address', '2010-03-02');

-- Colombo district, Aluthkade (Birth Declaration)
INSERT INTO CRS.BIRTH_REGISTER (bdDivisionUKey, bdfSerialNo, childFullNameEnglish, childFullNameOfficialLang, dateOfBirth, dateOfRegistration, childGender, status, informantType, informantName, informantAddress, informantSignDate, notifyingAuthorityPIN, notifyingAuthorityName, notifyingAuthorityAddress, notifyingAuthoritySignDate)
 values (3, 20101000, 'C1000 Baby name in English', 'C1000 බබාගේ නම සිංහලෙන්', '2010-02-26', '2010-02-01', 0, 0, 1,'Informant name for C1000', 'Informant address for C1000', '2010-02-01', '1222222452', 'Notifying Authority 1 Name', 'Notifying Authority 1 Address', '2010-02-01');
INSERT INTO CRS.BIRTH_REGISTER (bdDivisionUKey, bdfSerialNo, childFullNameEnglish, childFullNameOfficialLang, dateOfBirth, dateOfRegistration, childGender, status, informantType, informantName, informantAddress, informantSignDate, notifyingAuthorityPIN, notifyingAuthorityName, notifyingAuthorityAddress, notifyingAuthoritySignDate)
 values (3, 20101001, 'C1001 Baby name in English', 'C1001 බබාගේ නම සිංහලෙන්', '2010-02-26', '2010-02-01', 1, 0, 0,'Informant name for C1001', 'Informant address for C1001', '2010-02-01', '1222222452', 'Notifying Authority 1 Name', 'Notifying Authority 1 Address', '2010-02-01');
INSERT INTO CRS.BIRTH_REGISTER (bdDivisionUKey, bdfSerialNo, childFullNameEnglish, childFullNameOfficialLang, dateOfBirth, dateOfRegistration, childGender, status, informantType, informantName, informantAddress, informantSignDate, notifyingAuthorityPIN, notifyingAuthorityName, notifyingAuthorityAddress, notifyingAuthoritySignDate)
 values (3, 20101002, 'C1002 Baby name in English', 'C1002 බබාගේ නම සිංහලෙන්', '2010-02-26', '2010-02-01', 0, 4, 1,'Informant name for C1002', 'Informant address for C1002', '2010-02-01', '1222222452', 'Notifying Authority 1 Name', 'Notifying Authority 1 Address', '2010-02-01');
INSERT INTO CRS.BIRTH_REGISTER (bdDivisionUKey, bdfSerialNo, childFullNameEnglish, childFullNameOfficialLang, dateOfBirth, dateOfRegistration, childGender, status, informantType, informantName, informantAddress, informantSignDate, notifyingAuthorityPIN, notifyingAuthorityName, notifyingAuthorityAddress, notifyingAuthoritySignDate)
 values (3, 20101002, 'C1002 Baby name in English', 'C1002 බබාගේ නම සිංහලෙන්', '2010-02-26', '2010-02-01', 1, 2, 0,'Informant name for C1002', 'Informant address for C1002', '2010-02-01', '1222222452', 'Notifying Authority 1 Name', 'Notifying Authority 1 Address', '2010-02-01');
INSERT INTO CRS.BIRTH_REGISTER (bdDivisionUKey, bdfSerialNo, childFullNameEnglish, childFullNameOfficialLang, dateOfBirth, dateOfRegistration, childGender, status, informantType, informantName, informantAddress, informantSignDate, notifyingAuthorityPIN, notifyingAuthorityName, notifyingAuthorityAddress, notifyingAuthoritySignDate)
 values (3, 20101004, 'C1004 Baby name in English', 'C1004 බබාගේ නම සිංහලෙන්', '2010-02-26', '2010-02-01', 0, 4, 1,'Informant name for C1004', 'Informant address for C1004', '2010-02-01', '1222222452', 'Notifying Authority 1 Name', 'Notifying Authority 1 Address', '2010-02-01');
INSERT INTO CRS.BIRTH_REGISTER (bdDivisionUKey, bdfSerialNo, childFullNameEnglish, childFullNameOfficialLang, dateOfBirth, dateOfRegistration, childGender, status, informantType, informantName, informantAddress, informantSignDate, notifyingAuthorityPIN, notifyingAuthorityName, notifyingAuthorityAddress, notifyingAuthoritySignDate)
 values (3, 20101005, 'C1005 Baby name in English', 'C1005 බබාගේ නම සිංහලෙන්', '2010-02-26', '2010-02-01', 1, 0, 0,'Informant name for C1005', 'Informant address for C1005', '2010-02-01', '1222222452', 'Notifying Authority 1 Name', 'Notifying Authority 1 Address', '2010-02-01');
INSERT INTO CRS.BIRTH_REGISTER (bdDivisionUKey, bdfSerialNo, childFullNameEnglish, childFullNameOfficialLang, dateOfBirth, dateOfRegistration, childGender, status, informantType, informantName, informantAddress, informantSignDate, notifyingAuthorityPIN, notifyingAuthorityName, notifyingAuthorityAddress, notifyingAuthoritySignDate)
 values (3, 20101006, 'C1006 Baby name in English', 'C1006 බබාගේ නම සිංහලෙන්', '2010-02-26', '2010-02-01', 0, 4, 1,'Informant name for C1006', 'Informant address for C1006', '2010-02-01', '1222222452', 'Notifying Authority 1 Name', 'Notifying Authority 1 Address', '2010-02-01');
INSERT INTO CRS.BIRTH_REGISTER (bdDivisionUKey, bdfSerialNo, childFullNameEnglish, childFullNameOfficialLang, dateOfBirth, dateOfRegistration, childGender, status, informantType, informantName, informantAddress, informantSignDate, notifyingAuthorityPIN, notifyingAuthorityName, notifyingAuthorityAddress, notifyingAuthoritySignDate)
 values (3, 20101007, 'C1007 Baby name in English', 'C1007 බබාගේ නම සිංහලෙන්', '2010-02-26', '2010-02-01', 1, 2, 0,'Informant name for C1007', 'Informant address for C1007', '2010-02-01', '1222222452', 'Notifying Authority 1 Name', 'Notifying Authority 1 Address', '2010-02-01');
INSERT INTO CRS.BIRTH_REGISTER (bdDivisionUKey, bdfSerialNo, childFullNameEnglish, childFullNameOfficialLang, dateOfBirth, dateOfRegistration, childGender, status, informantType, informantName, informantAddress, informantSignDate, notifyingAuthorityPIN, notifyingAuthorityName, notifyingAuthorityAddress, notifyingAuthoritySignDate)
 values (3, 20101008, 'C1008 Baby name in English', 'C1008 බබාගේ නම සිංහලෙන්', '2010-02-26', '2010-02-01', 0, 2, 1,'Informant name for C1008', 'Informant address for C1008', '2010-02-01', '1222222452', 'Notifying Authority 1 Name', 'Notifying Authority 1 Address', '2010-02-01');
INSERT INTO CRS.BIRTH_REGISTER (bdDivisionUKey, bdfSerialNo, childFullNameEnglish, childFullNameOfficialLang, dateOfBirth, dateOfRegistration, childGender, status, informantType, informantName, informantAddress, informantSignDate, notifyingAuthorityPIN, notifyingAuthorityName, notifyingAuthorityAddress, notifyingAuthoritySignDate)
 values (3, 20101009, 'C1009 Baby name in English', 'C1009 බබාගේ නම සිංහලෙන්', '2010-02-26', '2010-02-01', 1, 0, 0,'Informant name for C1009', 'Informant address for C1009', '2010-02-01', '1222222452', 'Notifying Authority 1 Name', 'Notifying Authority 1 Address', '2010-02-01');

INSERT INTO CRS.BIRTH_REGISTER (bdDivisionUKey, bdfSerialNo, childFullNameEnglish, childFullNameOfficialLang, dateOfBirth, dateOfRegistration, childGender, status, informantType, informantName, informantAddress, informantSignDate, notifyingAuthorityPIN, notifyingAuthorityName, notifyingAuthorityAddress, notifyingAuthoritySignDate)
 values (3, 20101010, 'C1010 Baby name in English', 'C1010 බබාගේ නම සිංහලෙන්', '2010-02-26', '2010-02-01', 0, 0, 1,'Informant name for C1010', 'Informant address for C1010', '2010-02-01', '1222222452', 'Notifying Authority 1 Name', 'Notifying Authority 1 Address', '2010-02-01');
INSERT INTO CRS.BIRTH_REGISTER (bdDivisionUKey, bdfSerialNo, childFullNameEnglish, childFullNameOfficialLang, dateOfBirth, dateOfRegistration, childGender, status, informantType, informantName, informantAddress, informantSignDate, notifyingAuthorityPIN, notifyingAuthorityName, notifyingAuthorityAddress, notifyingAuthoritySignDate)
 values (3, 20101011, 'C1011 Baby name in English', 'C1011 බබාගේ නම සිංහලෙන්', '2010-02-27', '2010-02-01', 1, 0, 0,'Informant name for C1011', 'Informant address for C1011', '2010-02-01', '1222222452', 'Notifying Authority 1 Name', 'Notifying Authority 1 Address', '2010-02-01');
INSERT INTO CRS.BIRTH_REGISTER (bdDivisionUKey, bdfSerialNo, childFullNameEnglish, childFullNameOfficialLang, dateOfBirth, dateOfRegistration, childGender, status, informantType, informantName, informantAddress, informantSignDate, notifyingAuthorityPIN, notifyingAuthorityName, notifyingAuthorityAddress, notifyingAuthoritySignDate)
 values (3, 20101012, 'C1012 Baby name in English', 'C1012 බබාගේ නම සිංහලෙන්', '2010-02-27', '2010-02-01', 0, 4, 1,'Informant name for C1012', 'Informant address for C1012', '2010-02-01', '1222222452', 'Notifying Authority 1 Name', 'Notifying Authority 1 Address', '2010-02-01');
INSERT INTO CRS.BIRTH_REGISTER (bdDivisionUKey, bdfSerialNo, childFullNameEnglish, childFullNameOfficialLang, dateOfBirth, dateOfRegistration, childGender, status, informantType, informantName, informantAddress, informantSignDate, notifyingAuthorityPIN, notifyingAuthorityName, notifyingAuthorityAddress, notifyingAuthoritySignDate)
 values (3, 20101012, 'C1012 Baby name in English', 'C1012 බබාගේ නම සිංහලෙන්', '2010-02-27', '2010-02-01', 1, 2, 0,'Informant name for C1012', 'Informant address for C1012', '2010-02-01', '1222222452', 'Notifying Authority 1 Name', 'Notifying Authority 1 Address', '2010-02-01');
INSERT INTO CRS.BIRTH_REGISTER (bdDivisionUKey, bdfSerialNo, childFullNameEnglish, childFullNameOfficialLang, dateOfBirth, dateOfRegistration, childGender, status, informantType, informantName, informantAddress, informantSignDate, notifyingAuthorityPIN, notifyingAuthorityName, notifyingAuthorityAddress, notifyingAuthoritySignDate)
 values (3, 20101014, 'C1014 Baby name in English', 'C1014 බබාගේ නම සිංහලෙන්', '2010-02-27', '2010-02-01', 0, 4, 1,'Informant name for C1014', 'Informant address for C1014', '2010-02-01', '1222222452', 'Notifying Authority 1 Name', 'Notifying Authority 1 Address', '2010-02-01');
INSERT INTO CRS.BIRTH_REGISTER (bdDivisionUKey, bdfSerialNo, childFullNameEnglish, childFullNameOfficialLang, dateOfBirth, dateOfRegistration, childGender, status, informantType, informantName, informantAddress, informantSignDate, notifyingAuthorityPIN, notifyingAuthorityName, notifyingAuthorityAddress, notifyingAuthoritySignDate)
 values (3, 20101015, 'C1015 Baby name in English', 'C1015 බබාගේ නම සිංහලෙන්', '2010-02-27', '2010-02-01', 1, 0, 0,'Informant name for C1015', 'Informant address for C1015', '2010-02-01', '1222222452', 'Notifying Authority 1 Name', 'Notifying Authority 1 Address', '2010-02-01');
INSERT INTO CRS.BIRTH_REGISTER (bdDivisionUKey, bdfSerialNo, childFullNameEnglish, childFullNameOfficialLang, dateOfBirth, dateOfRegistration, childGender, status, informantType, informantName, informantAddress, informantSignDate, notifyingAuthorityPIN, notifyingAuthorityName, notifyingAuthorityAddress, notifyingAuthoritySignDate)
 values (3, 20101016, 'C1016 Baby name in English', 'C1016 බබාගේ නම සිංහලෙන්', '2010-02-27', '2010-02-01', 0, 4, 1,'Informant name for C1016', 'Informant address for C1016', '2010-02-01', '1222222452', 'Notifying Authority 1 Name', 'Notifying Authority 1 Address', '2010-02-01');
INSERT INTO CRS.BIRTH_REGISTER (bdDivisionUKey, bdfSerialNo, childFullNameEnglish, childFullNameOfficialLang, dateOfBirth, dateOfRegistration, childGender, status, informantType, informantName, informantAddress, informantSignDate, notifyingAuthorityPIN, notifyingAuthorityName, notifyingAuthorityAddress, notifyingAuthoritySignDate)
 values (3, 20101017, 'C1017 Baby name in English', 'C1017 බබාගේ නම සිංහලෙන්', '2010-02-27', '2010-02-01', 1, 2, 0,'Informant name for C1017', 'Informant address for C1017', '2010-02-01', '1222222452', 'Notifying Authority 1 Name', 'Notifying Authority 1 Address', '2010-02-01');
INSERT INTO CRS.BIRTH_REGISTER (bdDivisionUKey, bdfSerialNo, childFullNameEnglish, childFullNameOfficialLang, dateOfBirth, dateOfRegistration, childGender, status, informantType, informantName, informantAddress, informantSignDate, notifyingAuthorityPIN, notifyingAuthorityName, notifyingAuthorityAddress, notifyingAuthoritySignDate)
 values (3, 20101018, 'C1018 Baby name in English', 'C1018 බබාගේ නම සිංහලෙන්', '2010-02-28', '2010-02-01', 0, 2, 1,'Informant name for C1018', 'Informant address for C1018', '2010-02-01', '1222222452', 'Notifying Authority 1 Name', 'Notifying Authority 1 Address', '2010-02-01');
INSERT INTO CRS.BIRTH_REGISTER (bdDivisionUKey, bdfSerialNo, childFullNameEnglish, childFullNameOfficialLang, dateOfBirth, dateOfRegistration, childGender, status, informantType, informantName, informantAddress, informantSignDate, notifyingAuthorityPIN, notifyingAuthorityName, notifyingAuthorityAddress, notifyingAuthoritySignDate)
 values (3, 20101019, 'C1019 Baby name in English', 'C1019 බබාගේ නම සිංහලෙන්', '2010-02-28', '2010-02-01', 1, 0, 0,'Informant name for C1019', 'Informant address for C1019', '2010-02-01', '1222222452', 'Notifying Authority 1 Name', 'Notifying Authority 1 Address', '2010-02-01');

INSERT INTO CRS.BIRTH_REGISTER (bdDivisionUKey, bdfSerialNo, childFullNameEnglish, childFullNameOfficialLang, dateOfBirth, dateOfRegistration, childGender, status, informantType, informantName, informantAddress, informantSignDate, notifyingAuthorityPIN, notifyingAuthorityName, notifyingAuthorityAddress, notifyingAuthoritySignDate)
 values (3, 20101020, 'C1020 Baby name in English', 'C1020 බබාගේ නම සිංහලෙන්', '2010-02-28', '2010-02-01', 0, 0, 1,'Informant name for C1020', 'Informant address for C1020', '2010-02-01', '1222222452', 'Notifying Authority 1 Name', 'Notifying Authority 1 Address', '2010-02-01');
INSERT INTO CRS.BIRTH_REGISTER (bdDivisionUKey, bdfSerialNo, childFullNameEnglish, childFullNameOfficialLang, dateOfBirth, dateOfRegistration, childGender, status, informantType, informantName, informantAddress, informantSignDate, notifyingAuthorityPIN, notifyingAuthorityName, notifyingAuthorityAddress, notifyingAuthoritySignDate)
 values (3, 20101021, 'C1021 Baby name in English', 'C1021 බබාගේ නම සිංහලෙන්', '2010-02-28', '2010-02-01', 1, 0, 0,'Informant name for C1021', 'Informant address for C1021', '2010-02-01', '1222222452', 'Notifying Authority 1 Name', 'Notifying Authority 1 Address', '2010-02-01');
INSERT INTO CRS.BIRTH_REGISTER (bdDivisionUKey, bdfSerialNo, childFullNameEnglish, childFullNameOfficialLang, dateOfBirth, dateOfRegistration, childGender, status, informantType, informantName, informantAddress, informantSignDate, notifyingAuthorityPIN, notifyingAuthorityName, notifyingAuthorityAddress, notifyingAuthoritySignDate)
 values (3, 20101022, 'C1022 Baby name in English', 'C1022 බබාගේ නම සිංහලෙන්', '2010-02-28', '2010-02-01', 0, 4, 1,'Informant name for C1022', 'Informant address for C1022', '2010-02-01', '1222222452', 'Notifying Authority 1 Name', 'Notifying Authority 1 Address', '2010-02-01');
INSERT INTO CRS.BIRTH_REGISTER (bdDivisionUKey, bdfSerialNo, childFullNameEnglish, childFullNameOfficialLang, dateOfBirth, dateOfRegistration, childGender, status, informantType, informantName, informantAddress, informantSignDate, notifyingAuthorityPIN, notifyingAuthorityName, notifyingAuthorityAddress, notifyingAuthoritySignDate)
 values (3, 20101022, 'C1022 Baby name in English', 'C1022 බබාගේ නම සිංහලෙන්', '2010-02-28', '2010-02-01', 1, 2, 0,'Informant name for C1022', 'Informant address for C1022', '2010-02-01', '1222222452', 'Notifying Authority 1 Name', 'Notifying Authority 1 Address', '2010-02-01');
INSERT INTO CRS.BIRTH_REGISTER (bdDivisionUKey, bdfSerialNo, childFullNameEnglish, childFullNameOfficialLang, dateOfBirth, dateOfRegistration, childGender, status, informantType, informantName, informantAddress, informantSignDate, notifyingAuthorityPIN, notifyingAuthorityName, notifyingAuthorityAddress, notifyingAuthoritySignDate)
 values (3, 20101024, 'C1024 Baby name in English', 'C1024 බබාගේ නම සිංහලෙන්', '2010-02-28', '2010-02-01', 0, 4, 1,'Informant name for C1024', 'Informant address for C1024', '2010-02-01', '1222222452', 'Notifying Authority 1 Name', 'Notifying Authority 1 Address', '2010-02-01');
INSERT INTO CRS.BIRTH_REGISTER (bdDivisionUKey, bdfSerialNo, childFullNameEnglish, childFullNameOfficialLang, dateOfBirth, dateOfRegistration, childGender, status, informantType, informantName, informantAddress, informantSignDate, notifyingAuthorityPIN, notifyingAuthorityName, notifyingAuthorityAddress, notifyingAuthoritySignDate)
 values (3, 20101025, 'C1025 Baby name in English', 'C1025 බබාගේ නම සිංහලෙන්', '2010-02-28', '2010-02-02', 1, 4, 0,'Informant name for C1025', 'Informant address for C1025', '2010-02-02', '1222222452', 'Notifying Authority 1 Name', 'Notifying Authority 1 Address', '2010-02-02');
INSERT INTO CRS.BIRTH_REGISTER (bdDivisionUKey, bdfSerialNo, childFullNameEnglish, childFullNameOfficialLang, dateOfBirth, dateOfRegistration, childGender, status, informantType, informantName, informantAddress, informantSignDate, notifyingAuthorityPIN, notifyingAuthorityName, notifyingAuthorityAddress, notifyingAuthoritySignDate)
 values (3, 20101026, 'C1026 Baby name in English', 'C1026 බබාගේ නම සිංහලෙන්', '2010-02-28', '2010-02-02', 0, 4, 1,'Informant name for C1026', 'Informant address for C1026', '2010-02-02', '1222222452', 'Notifying Authority 1 Name', 'Notifying Authority 1 Address', '2010-02-02');
INSERT INTO CRS.BIRTH_REGISTER (bdDivisionUKey, bdfSerialNo, childFullNameEnglish, childFullNameOfficialLang, dateOfBirth, dateOfRegistration, childGender, status, informantType, informantName, informantAddress, informantSignDate, notifyingAuthorityPIN, notifyingAuthorityName, notifyingAuthorityAddress, notifyingAuthoritySignDate)
 values (3, 20101027, 'C1027 Baby name in English', 'C1027 බබාගේ නම සිංහලෙන්', '2010-02-28', '2010-02-02', 1, 2, 0,'Informant name for C1027', 'Informant address for C1027', '2010-02-02', '1222222452', 'Notifying Authority 1 Name', 'Notifying Authority 1 Address', '2010-02-02');
INSERT INTO CRS.BIRTH_REGISTER (bdDivisionUKey, bdfSerialNo, childFullNameEnglish, childFullNameOfficialLang, dateOfBirth, dateOfRegistration, childGender, status, informantType, informantName, informantAddress, informantSignDate, notifyingAuthorityPIN, notifyingAuthorityName, notifyingAuthorityAddress, notifyingAuthoritySignDate)
 values (3, 20101028, 'C1028 Baby name in English', 'C1028 බබාගේ නම සිංහලෙන්', '2010-02-28', '2010-02-02', 0, 2, 1,'Informant name for C1028', 'Informant address for C1028', '2010-02-02', '1222222452', 'Notifying Authority 1 Name', 'Notifying Authority 1 Address', '2010-02-02');
INSERT INTO CRS.BIRTH_REGISTER (bdDivisionUKey, bdfSerialNo, childFullNameEnglish, childFullNameOfficialLang, dateOfBirth, dateOfRegistration, childGender, status, informantType, informantName, informantAddress, informantSignDate, notifyingAuthorityPIN, notifyingAuthorityName, notifyingAuthorityAddress, notifyingAuthoritySignDate)
 values (3, 20101029, 'C1029 Baby name in English', 'C1029 බබාගේ නම සිංහලෙන්', '2010-02-28', '2010-02-02', 1, 0, 0,'Informant name for C1029', 'Informant address for C1029', '2010-02-02', '1222222452', 'Notifying Authority 1 Name', 'Notifying Authority 1 Address', '2010-02-02');

-- Gampaha district, Negombo Hospital (Medical)
INSERT INTO CRS.BIRTH_REGISTER (bdDivisionUKey, bdfSerialNo, childFullNameEnglish, childFullNameOfficialLang, dateOfBirth, dateOfRegistration, childGender, status, informantType, informantName, informantAddress, informantSignDate, notifyingAuthorityPIN, notifyingAuthorityName, notifyingAuthorityAddress, notifyingAuthoritySignDate)
 values (9, 20101000, 'D1000 Baby name in English', 'D1000 බබාගේ නම සිංහලෙන්', '2010-02-26', '2010-02-01', 0, 0, 1,'Informant name for D1000', 'Informant address for D1000', '2010-02-01', '1222222452', 'Notifying Authority 1 Name', 'Notifying Authority 1 Address', '2010-02-01');
INSERT INTO CRS.BIRTH_REGISTER (bdDivisionUKey, bdfSerialNo, childFullNameEnglish, childFullNameOfficialLang, dateOfBirth, dateOfRegistration, childGender, status, informantType, informantName, informantAddress, informantSignDate, notifyingAuthorityPIN, notifyingAuthorityName, notifyingAuthorityAddress, notifyingAuthoritySignDate)
 values (9, 20101001, 'D1001 Baby name in English', 'D1001 බබාගේ නම සිංහලෙන්', '2010-02-26', '2010-02-01', 1, 0, 0,'Informant name for D1001', 'Informant address for D1001', '2010-02-01', '1222222452', 'Notifying Authority 1 Name', 'Notifying Authority 1 Address', '2010-02-01');
INSERT INTO CRS.BIRTH_REGISTER (bdDivisionUKey, bdfSerialNo, childFullNameEnglish, childFullNameOfficialLang, dateOfBirth, dateOfRegistration, childGender, status, informantType, informantName, informantAddress, informantSignDate, notifyingAuthorityPIN, notifyingAuthorityName, notifyingAuthorityAddress, notifyingAuthoritySignDate)
 values (9, 20101002, 'D1002 Baby name in English', 'D1002 බබාගේ නම සිංහලෙන්', '2010-02-26', '2010-02-01', 0, 4, 1,'Informant name for D1002', 'Informant address for D1002', '2010-02-01', '1222222452', 'Notifying Authority 1 Name', 'Notifying Authority 1 Address', '2010-02-01');
INSERT INTO CRS.BIRTH_REGISTER (bdDivisionUKey, bdfSerialNo, childFullNameEnglish, childFullNameOfficialLang, dateOfBirth, dateOfRegistration, childGender, status, informantType, informantName, informantAddress, informantSignDate, notifyingAuthorityPIN, notifyingAuthorityName, notifyingAuthorityAddress, notifyingAuthoritySignDate)
 values (9, 20101002, 'D1002 Baby name in English', 'D1002 බබාගේ නම සිංහලෙන්', '2010-02-26', '2010-02-01', 1, 1, 0,'Informant name for D1002', 'Informant address for D1002', '2010-02-01', '1222222452', 'Notifying Authority 1 Name', 'Notifying Authority 1 Address', '2010-02-01');
INSERT INTO CRS.BIRTH_REGISTER (bdDivisionUKey, bdfSerialNo, childFullNameEnglish, childFullNameOfficialLang, dateOfBirth, dateOfRegistration, childGender, status, informantType, informantName, informantAddress, informantSignDate, notifyingAuthorityPIN, notifyingAuthorityName, notifyingAuthorityAddress, notifyingAuthoritySignDate)
 values (9, 20101004, 'D1004 Baby name in English', 'D1004 බබාගේ නම සිංහලෙන්', '2010-02-26', '2010-02-01', 0, 3, 1,'Informant name for D1004', 'Informant address for D1004', '2010-02-01', '1222222452', 'Notifying Authority 1 Name', 'Notifying Authority 1 Address', '2010-02-01');
INSERT INTO CRS.BIRTH_REGISTER (bdDivisionUKey, bdfSerialNo, childFullNameEnglish, childFullNameOfficialLang, dateOfBirth, dateOfRegistration, childGender, status, informantType, informantName, informantAddress, informantSignDate, notifyingAuthorityPIN, notifyingAuthorityName, notifyingAuthorityAddress, notifyingAuthoritySignDate)
 values (9, 20101005, 'D1005 Baby name in English', 'D1005 බබාගේ නම සිංහලෙන්', '2010-02-26', '2010-02-01', 1, 0, 0,'Informant name for D1005', 'Informant address for D1005', '2010-02-01', '1222222452', 'Notifying Authority 1 Name', 'Notifying Authority 1 Address', '2010-02-01');
INSERT INTO CRS.BIRTH_REGISTER (bdDivisionUKey, bdfSerialNo, childFullNameEnglish, childFullNameOfficialLang, dateOfBirth, dateOfRegistration, childGender, status, informantType, informantName, informantAddress, informantSignDate, notifyingAuthorityPIN, notifyingAuthorityName, notifyingAuthorityAddress, notifyingAuthoritySignDate)
 values (9, 20101006, 'D1006 Baby name in English', 'D1006 බබාගේ නම සිංහලෙන්', '2010-02-26', '2010-02-01', 0, 4, 1,'Informant name for D1006', 'Informant address for D1006', '2010-02-01', '1222222452', 'Notifying Authority 1 Name', 'Notifying Authority 1 Address', '2010-02-01');
INSERT INTO CRS.BIRTH_REGISTER (bdDivisionUKey, bdfSerialNo, childFullNameEnglish, childFullNameOfficialLang, dateOfBirth, dateOfRegistration, childGender, status, informantType, informantName, informantAddress, informantSignDate, notifyingAuthorityPIN, notifyingAuthorityName, notifyingAuthorityAddress, notifyingAuthoritySignDate)
 values (9, 20101007, 'D1007 Baby name in English', 'D1007 බබාගේ නම සිංහලෙන්', '2010-02-26', '2010-02-01', 1, 2, 0,'Informant name for D1007', 'Informant address for D1007', '2010-02-01', '1222222452', 'Notifying Authority 1 Name', 'Notifying Authority 1 Address', '2010-02-01');
INSERT INTO CRS.BIRTH_REGISTER (bdDivisionUKey, bdfSerialNo, childFullNameEnglish, childFullNameOfficialLang, dateOfBirth, dateOfRegistration, childGender, status, informantType, informantName, informantAddress, informantSignDate, notifyingAuthorityPIN, notifyingAuthorityName, notifyingAuthorityAddress, notifyingAuthoritySignDate)
 values (9, 20101008, 'D1008 Baby name in English', 'D1008 බබාගේ නම සිංහලෙන්', '2010-02-26', '2010-02-01', 0, 2, 1,'Informant name for D1008', 'Informant address for D1008', '2010-02-01', '1222222452', 'Notifying Authority 1 Name', 'Notifying Authority 1 Address', '2010-02-01');
INSERT INTO CRS.BIRTH_REGISTER (bdDivisionUKey, bdfSerialNo, childFullNameEnglish, childFullNameOfficialLang, dateOfBirth, dateOfRegistration, childGender, status, informantType, informantName, informantAddress, informantSignDate, notifyingAuthorityPIN, notifyingAuthorityName, notifyingAuthorityAddress, notifyingAuthoritySignDate)
 values (9, 20101009, 'D1009 Baby name in English', 'D1009 බබාගේ නම සිංහලෙන්', '2010-02-26', '2010-02-01', 1, 0, 0,'Informant name for D1009', 'Informant address for D1009', '2010-02-01', '1222222452', 'Notifying Authority 1 Name', 'Notifying Authority 1 Address', '2010-02-01');

INSERT INTO CRS.BIRTH_REGISTER (bdDivisionUKey, bdfSerialNo, childFullNameEnglish, childFullNameOfficialLang, dateOfBirth, dateOfRegistration, childGender, status, informantType, informantName, informantAddress, informantSignDate, notifyingAuthorityPIN, notifyingAuthorityName, notifyingAuthorityAddress, notifyingAuthoritySignDate)
 values (9, 20101010, 'D1010 Baby name in English', 'D1010 බබාගේ නම සිංහලෙන්', '2010-02-26', '2010-02-01', 0, 0, 1,'Informant name for D1010', 'Informant address for D1010', '2010-02-01', '1222222452', 'Notifying Authority 1 Name', 'Notifying Authority 1 Address', '2010-02-01');
INSERT INTO CRS.BIRTH_REGISTER (bdDivisionUKey, bdfSerialNo, childFullNameEnglish, childFullNameOfficialLang, dateOfBirth, dateOfRegistration, childGender, status, informantType, informantName, informantAddress, informantSignDate, notifyingAuthorityPIN, notifyingAuthorityName, notifyingAuthorityAddress, notifyingAuthoritySignDate)
 values (9, 20101011, 'D1011 Baby name in English', 'D1011 බබාගේ නම සිංහලෙන්', '2010-02-27', '2010-02-01', 1, 0, 0,'Informant name for D1011', 'Informant address for D1011', '2010-02-01', '1222222452', 'Notifying Authority 1 Name', 'Notifying Authority 1 Address', '2010-02-01');
INSERT INTO CRS.BIRTH_REGISTER (bdDivisionUKey, bdfSerialNo, childFullNameEnglish, childFullNameOfficialLang, dateOfBirth, dateOfRegistration, childGender, status, informantType, informantName, informantAddress, informantSignDate, notifyingAuthorityPIN, notifyingAuthorityName, notifyingAuthorityAddress, notifyingAuthoritySignDate)
 values (9, 20101012, 'D1012 Baby name in English', 'D1012 බබාගේ නම සිංහලෙන්', '2010-02-27', '2010-02-01', 0, 4, 1,'Informant name for D1012', 'Informant address for D1012', '2010-02-01', '1222222452', 'Notifying Authority 1 Name', 'Notifying Authority 1 Address', '2010-02-01');
INSERT INTO CRS.BIRTH_REGISTER (bdDivisionUKey, bdfSerialNo, childFullNameEnglish, childFullNameOfficialLang, dateOfBirth, dateOfRegistration, childGender, status, informantType, informantName, informantAddress, informantSignDate, notifyingAuthorityPIN, notifyingAuthorityName, notifyingAuthorityAddress, notifyingAuthoritySignDate)
 values (9, 20101012, 'D1012 Baby name in English', 'D1012 බබාගේ නම සිංහලෙන්', '2010-02-27', '2010-02-01', 1, 3, 0,'Informant name for D1012', 'Informant address for D1012', '2010-02-01', '1222222452', 'Notifying Authority 1 Name', 'Notifying Authority 1 Address', '2010-02-01');
INSERT INTO CRS.BIRTH_REGISTER (bdDivisionUKey, bdfSerialNo, childFullNameEnglish, childFullNameOfficialLang, dateOfBirth, dateOfRegistration, childGender, status, informantType, informantName, informantAddress, informantSignDate, notifyingAuthorityPIN, notifyingAuthorityName, notifyingAuthorityAddress, notifyingAuthoritySignDate)
 values (9, 20101014, 'D1014 Baby name in English', 'D1014 බබාගේ නම සිංහලෙන්', '2010-02-27', '2010-02-01', 0, 3, 1,'Informant name for D1014', 'Informant address for D1014', '2010-02-01', '1222222452', 'Notifying Authority 1 Name', 'Notifying Authority 1 Address', '2010-02-01');
INSERT INTO CRS.BIRTH_REGISTER (bdDivisionUKey, bdfSerialNo, childFullNameEnglish, childFullNameOfficialLang, dateOfBirth, dateOfRegistration, childGender, status, informantType, informantName, informantAddress, informantSignDate, notifyingAuthorityPIN, notifyingAuthorityName, notifyingAuthorityAddress, notifyingAuthoritySignDate)
 values (9, 20101015, 'D1015 Baby name in English', 'D1015 බබාගේ නම සිංහලෙන්', '2010-02-27', '2010-02-01', 1, 4, 0,'Informant name for D1015', 'Informant address for D1015', '2010-02-01', '1222222452', 'Notifying Authority 1 Name', 'Notifying Authority 1 Address', '2010-02-01');
INSERT INTO CRS.BIRTH_REGISTER (bdDivisionUKey, bdfSerialNo, childFullNameEnglish, childFullNameOfficialLang, dateOfBirth, dateOfRegistration, childGender, status, informantType, informantName, informantAddress, informantSignDate, notifyingAuthorityPIN, notifyingAuthorityName, notifyingAuthorityAddress, notifyingAuthoritySignDate)
 values (9, 20101016, 'D1016 Baby name in English', 'D1016 බබාගේ නම සිංහලෙන්', '2010-02-27', '2010-02-01', 0, 4, 1,'Informant name for D1016', 'Informant address for D1016', '2010-02-01', '1222222452', 'Notifying Authority 1 Name', 'Notifying Authority 1 Address', '2010-02-01');
INSERT INTO CRS.BIRTH_REGISTER (bdDivisionUKey, bdfSerialNo, childFullNameEnglish, childFullNameOfficialLang, dateOfBirth, dateOfRegistration, childGender, status, informantType, informantName, informantAddress, informantSignDate, notifyingAuthorityPIN, notifyingAuthorityName, notifyingAuthorityAddress, notifyingAuthoritySignDate)
 values (9, 20101017, 'D1017 Baby name in English', 'D1017 බබාගේ නම සිංහලෙන්', '2010-02-27', '2010-02-01', 1, 1, 0,'Informant name for D1017', 'Informant address for D1017', '2010-02-01', '1222222452', 'Notifying Authority 1 Name', 'Notifying Authority 1 Address', '2010-02-01');
INSERT INTO CRS.BIRTH_REGISTER (bdDivisionUKey, bdfSerialNo, childFullNameEnglish, childFullNameOfficialLang, dateOfBirth, dateOfRegistration, childGender, status, informantType, informantName, informantAddress, informantSignDate, notifyingAuthorityPIN, notifyingAuthorityName, notifyingAuthorityAddress, notifyingAuthoritySignDate)
 values (9, 20101018, 'D1018 Baby name in English', 'D1018 බබාගේ නම සිංහලෙන්', '2010-02-28', '2010-02-01', 0, 1, 1,'Informant name for D1018', 'Informant address for D1018', '2010-02-01', '1222222452', 'Notifying Authority 1 Name', 'Notifying Authority 1 Address', '2010-02-01');
INSERT INTO CRS.BIRTH_REGISTER (bdDivisionUKey, bdfSerialNo, childFullNameEnglish, childFullNameOfficialLang, dateOfBirth, dateOfRegistration, childGender, status, informantType, informantName, informantAddress, informantSignDate, notifyingAuthorityPIN, notifyingAuthorityName, notifyingAuthorityAddress, notifyingAuthoritySignDate)
 values (9, 20101019, 'D1019 Baby name in English', 'D1019 බබාගේ නම සිංහලෙන්', '2010-02-28', '2010-02-01', 1, 0, 0,'Informant name for D1019', 'Informant address for D1019', '2010-02-01', '1222222452', 'Notifying Authority 1 Name', 'Notifying Authority 1 Address', '2010-02-01');

INSERT INTO CRS.BIRTH_REGISTER (bdDivisionUKey, bdfSerialNo, childFullNameEnglish, childFullNameOfficialLang, dateOfBirth, dateOfRegistration, childGender, status, informantType, informantName, informantAddress, informantSignDate, notifyingAuthorityPIN, notifyingAuthorityName, notifyingAuthorityAddress, notifyingAuthoritySignDate)
 values (9, 20101020, 'D1020 Baby name in English', 'D1020 බබාගේ නම සිංහලෙන්', '2010-02-28', '2010-02-01', 0, 0, 1,'Informant name for D1020', 'Informant address for D1020', '2010-02-01', '1222222452', 'Notifying Authority 1 Name', 'Notifying Authority 1 Address', '2010-02-01');
INSERT INTO CRS.BIRTH_REGISTER (bdDivisionUKey, bdfSerialNo, childFullNameEnglish, childFullNameOfficialLang, dateOfBirth, dateOfRegistration, childGender, status, informantType, informantName, informantAddress, informantSignDate, notifyingAuthorityPIN, notifyingAuthorityName, notifyingAuthorityAddress, notifyingAuthoritySignDate)
 values (9, 20101021, 'D1021 Baby name in English', 'D1021 බබාගේ නම සිංහලෙන්', '2010-02-28', '2010-02-01', 1, 0, 0,'Informant name for D1021', 'Informant address for D1021', '2010-02-01', '1222222452', 'Notifying Authority 1 Name', 'Notifying Authority 1 Address', '2010-02-01');
INSERT INTO CRS.BIRTH_REGISTER (bdDivisionUKey, bdfSerialNo, childFullNameEnglish, childFullNameOfficialLang, dateOfBirth, dateOfRegistration, childGender, status, informantType, informantName, informantAddress, informantSignDate, notifyingAuthorityPIN, notifyingAuthorityName, notifyingAuthorityAddress, notifyingAuthoritySignDate)
 values (9, 20101022, 'D1022 Baby name in English', 'D1022 බබාගේ නම සිංහලෙන්', '2010-02-28', '2010-02-01', 0, 4, 1,'Informant name for D1022', 'Informant address for D1022', '2010-02-01', '1222222452', 'Notifying Authority 1 Name', 'Notifying Authority 1 Address', '2010-02-01');
INSERT INTO CRS.BIRTH_REGISTER (bdDivisionUKey, bdfSerialNo, childFullNameEnglish, childFullNameOfficialLang, dateOfBirth, dateOfRegistration, childGender, status, informantType, informantName, informantAddress, informantSignDate, notifyingAuthorityPIN, notifyingAuthorityName, notifyingAuthorityAddress, notifyingAuthoritySignDate)
 values (9, 20101022, 'D1022 Baby name in English', 'D1022 බබාගේ නම සිංහලෙන්', '2010-02-28', '2010-02-01', 1, 2, 0,'Informant name for D1022', 'Informant address for D1022', '2010-02-01', '1222222452', 'Notifying Authority 1 Name', 'Notifying Authority 1 Address', '2010-02-01');
INSERT INTO CRS.BIRTH_REGISTER (bdDivisionUKey, bdfSerialNo, childFullNameEnglish, childFullNameOfficialLang, dateOfBirth, dateOfRegistration, childGender, status, informantType, informantName, informantAddress, informantSignDate, notifyingAuthorityPIN, notifyingAuthorityName, notifyingAuthorityAddress, notifyingAuthoritySignDate)
 values (9, 20101024, 'D1024 Baby name in English', 'D1024 බබාගේ නම සිංහලෙන්', '2010-02-28', '2010-02-01', 0, 0, 1,'Informant name for D1024', 'Informant address for D1024', '2010-02-01', '1222222452', 'Notifying Authority 1 Name', 'Notifying Authority 1 Address', '2010-02-01');
INSERT INTO CRS.BIRTH_REGISTER (bdDivisionUKey, bdfSerialNo, childFullNameEnglish, childFullNameOfficialLang, dateOfBirth, dateOfRegistration, childGender, status, informantType, informantName, informantAddress, informantSignDate, notifyingAuthorityPIN, notifyingAuthorityName, notifyingAuthorityAddress, notifyingAuthoritySignDate)
 values (9, 20101025, 'D1025 Baby name in English', 'D1025 බබාගේ නම සිංහලෙන්', '2010-02-28', '2010-02-02', 1, 0, 0,'Informant name for D1025', 'Informant address for D1025', '2010-02-02', '1222222452', 'Notifying Authority 1 Name', 'Notifying Authority 1 Address', '2010-02-02');
INSERT INTO CRS.BIRTH_REGISTER (bdDivisionUKey, bdfSerialNo, childFullNameEnglish, childFullNameOfficialLang, dateOfBirth, dateOfRegistration, childGender, status, informantType, informantName, informantAddress, informantSignDate, notifyingAuthorityPIN, notifyingAuthorityName, notifyingAuthorityAddress, notifyingAuthoritySignDate)
 values (9, 20101026, 'D1026 Baby name in English', 'D1026 බබාගේ නම සිංහලෙන්', '2010-02-28', '2010-02-02', 0, 4, 1,'Informant name for D1026', 'Informant address for D1026', '2010-02-02', '1222222452', 'Notifying Authority 1 Name', 'Notifying Authority 1 Address', '2010-02-02');
INSERT INTO CRS.BIRTH_REGISTER (bdDivisionUKey, bdfSerialNo, childFullNameEnglish, childFullNameOfficialLang, dateOfBirth, dateOfRegistration, childGender, status, informantType, informantName, informantAddress, informantSignDate, notifyingAuthorityPIN, notifyingAuthorityName, notifyingAuthorityAddress, notifyingAuthoritySignDate)
 values (9, 20101027, 'D1027 Baby name in English', 'D1027 බබාගේ නම සිංහලෙන්', '2010-02-28', '2010-02-02', 1, 1, 0,'Informant name for D1027', 'Informant address for D1027', '2010-02-02', '1222222452', 'Notifying Authority 1 Name', 'Notifying Authority 1 Address', '2010-02-02');
INSERT INTO CRS.BIRTH_REGISTER (bdDivisionUKey, bdfSerialNo, childFullNameEnglish, childFullNameOfficialLang, dateOfBirth, dateOfRegistration, childGender, status, informantType, informantName, informantAddress, informantSignDate, notifyingAuthorityPIN, notifyingAuthorityName, notifyingAuthorityAddress, notifyingAuthoritySignDate)
 values (9, 20101028, 'D1028 Baby name in English', 'D1028 බබාගේ නම සිංහලෙන්', '2010-02-28', '2010-02-02', 0, 0, 1,'Informant name for D1028', 'Informant address for D1028', '2010-02-02', '1222222452', 'Notifying Authority 1 Name', 'Notifying Authority 1 Address', '2010-02-02');
INSERT INTO CRS.BIRTH_REGISTER (bdDivisionUKey, bdfSerialNo, childFullNameEnglish, childFullNameOfficialLang, dateOfBirth, dateOfRegistration, childGender, status, informantType, informantName, informantAddress, informantSignDate, notifyingAuthorityPIN, notifyingAuthorityName, notifyingAuthorityAddress, notifyingAuthoritySignDate)
 values (9, 20101029, 'D1029 Baby name in English', 'D1029 බබාගේ නම සිංහලෙන්', '2010-02-28', '2010-02-02', 1, 0, 0,'Informant name for D1029', 'Informant address for D1029', '2010-02-02', '1222222452', 'Notifying Authority 1 Name', 'Notifying Authority 1 Address', '2010-02-02');

-- Gampaha, Katunayaka-Seeduwa Birth Declaration
INSERT INTO CRS.BIRTH_REGISTER (bdDivisionUKey, bdfSerialNo, childFullNameEnglish, childFullNameOfficialLang, dateOfBirth, dateOfRegistration, childGender, status, informantType, informantName, informantAddress, informantSignDate, notifyingAuthorityPIN, notifyingAuthorityName, notifyingAuthorityAddress, notifyingAuthoritySignDate)
 values (14, 20101000, 'E1000 Baby name in English', 'E1000 බබාගේ නම සිංහලෙන්', '2010-02-26', '2010-02-01', 0, 0, 1,'Informant name for E1000', 'Informant address for E1000', '2010-02-01', '1222222452', 'Notifying Authority 1 Name', 'Notifying Authority 1 Address', '2010-02-01');
INSERT INTO CRS.BIRTH_REGISTER (bdDivisionUKey, bdfSerialNo, childFullNameEnglish, childFullNameOfficialLang, dateOfBirth, dateOfRegistration, childGender, status, informantType, informantName, informantAddress, informantSignDate, notifyingAuthorityPIN, notifyingAuthorityName, notifyingAuthorityAddress, notifyingAuthoritySignDate)
 values (14, 20101001, 'E1001 Baby name in English', 'E1001 බබාගේ නම සිංහලෙන්', '2010-02-26', '2010-02-01', 1, 0, 0,'Informant name for E1001', 'Informant address for E1001', '2010-02-01', '1222222452', 'Notifying Authority 1 Name', 'Notifying Authority 1 Address', '2010-02-01');
INSERT INTO CRS.BIRTH_REGISTER (bdDivisionUKey, bdfSerialNo, childFullNameEnglish, childFullNameOfficialLang, dateOfBirth, dateOfRegistration, childGender, status, informantType, informantName, informantAddress, informantSignDate, notifyingAuthorityPIN, notifyingAuthorityName, notifyingAuthorityAddress, notifyingAuthoritySignDate)
 values (14, 20101002, 'E1002 Baby name in English', 'E1002 බබාගේ නම සිංහලෙන්', '2010-02-26', '2010-02-01', 0, 4, 1,'Informant name for E1002', 'Informant address for E1002', '2010-02-01', '1222222452', 'Notifying Authority 1 Name', 'Notifying Authority 1 Address', '2010-02-01');
INSERT INTO CRS.BIRTH_REGISTER (bdDivisionUKey, bdfSerialNo, childFullNameEnglish, childFullNameOfficialLang, dateOfBirth, dateOfRegistration, childGender, status, informantType, informantName, informantAddress, informantSignDate, notifyingAuthorityPIN, notifyingAuthorityName, notifyingAuthorityAddress, notifyingAuthoritySignDate)
 values (14, 20101002, 'E1002 Baby name in English', 'E1002 බබාගේ නම සිංහලෙන්', '2010-02-26', '2010-02-01', 1, 3, 0,'Informant name for E1002', 'Informant address for E1002', '2010-02-01', '1222222452', 'Notifying Authority 1 Name', 'Notifying Authority 1 Address', '2010-02-01');
INSERT INTO CRS.BIRTH_REGISTER (bdDivisionUKey, bdfSerialNo, childFullNameEnglish, childFullNameOfficialLang, dateOfBirth, dateOfRegistration, childGender, status, informantType, informantName, informantAddress, informantSignDate, notifyingAuthorityPIN, notifyingAuthorityName, notifyingAuthorityAddress, notifyingAuthoritySignDate)
 values (14, 20101004, 'E1004 Baby name in English', 'E1004 බබාගේ නම සිංහලෙන්', '2010-02-26', '2010-02-01', 0, 4, 1,'Informant name for E1004', 'Informant address for E1004', '2010-02-01', '1222222452', 'Notifying Authority 1 Name', 'Notifying Authority 1 Address', '2010-02-01');
INSERT INTO CRS.BIRTH_REGISTER (bdDivisionUKey, bdfSerialNo, childFullNameEnglish, childFullNameOfficialLang, dateOfBirth, dateOfRegistration, childGender, status, informantType, informantName, informantAddress, informantSignDate, notifyingAuthorityPIN, notifyingAuthorityName, notifyingAuthorityAddress, notifyingAuthoritySignDate)
 values (14, 20101005, 'E1005 Baby name in English', 'E1005 බබාගේ නම සිංහලෙන්', '2010-02-26', '2010-02-01', 1, 0, 0,'Informant name for E1005', 'Informant address for E1005', '2010-02-01', '1222222452', 'Notifying Authority 1 Name', 'Notifying Authority 1 Address', '2010-02-01');
INSERT INTO CRS.BIRTH_REGISTER (bdDivisionUKey, bdfSerialNo, childFullNameEnglish, childFullNameOfficialLang, dateOfBirth, dateOfRegistration, childGender, status, informantType, informantName, informantAddress, informantSignDate, notifyingAuthorityPIN, notifyingAuthorityName, notifyingAuthorityAddress, notifyingAuthoritySignDate)
 values (14, 20101006, 'E1006 Baby name in English', 'E1006 බබාගේ නම සිංහලෙන්', '2010-02-26', '2010-02-01', 0, 4, 1,'Informant name for E1006', 'Informant address for E1006', '2010-02-01', '1222222452', 'Notifying Authority 1 Name', 'Notifying Authority 1 Address', '2010-02-01');
INSERT INTO CRS.BIRTH_REGISTER (bdDivisionUKey, bdfSerialNo, childFullNameEnglish, childFullNameOfficialLang, dateOfBirth, dateOfRegistration, childGender, status, informantType, informantName, informantAddress, informantSignDate, notifyingAuthorityPIN, notifyingAuthorityName, notifyingAuthorityAddress, notifyingAuthoritySignDate)
 values (14, 20101007, 'E1007 Baby name in English', 'E1007 බබාගේ නම සිංහලෙන්', '2010-02-26', '2010-02-01', 1, 1, 0,'Informant name for E1007', 'Informant address for E1007', '2010-02-01', '1222222452', 'Notifying Authority 1 Name', 'Notifying Authority 1 Address', '2010-02-01');
INSERT INTO CRS.BIRTH_REGISTER (bdDivisionUKey, bdfSerialNo, childFullNameEnglish, childFullNameOfficialLang, dateOfBirth, dateOfRegistration, childGender, status, informantType, informantName, informantAddress, informantSignDate, notifyingAuthorityPIN, notifyingAuthorityName, notifyingAuthorityAddress, notifyingAuthoritySignDate)
 values (14, 20101008, 'E1008 Baby name in English', 'E1008 බබාගේ නම සිංහලෙන්', '2010-02-26', '2010-02-01', 0, 1, 1,'Informant name for E1008', 'Informant address for E1008', '2010-02-01', '1222222452', 'Notifying Authority 1 Name', 'Notifying Authority 1 Address', '2010-02-01');
INSERT INTO CRS.BIRTH_REGISTER (bdDivisionUKey, bdfSerialNo, childFullNameEnglish, childFullNameOfficialLang, dateOfBirth, dateOfRegistration, childGender, status, informantType, informantName, informantAddress, informantSignDate, notifyingAuthorityPIN, notifyingAuthorityName, notifyingAuthorityAddress, notifyingAuthoritySignDate)
 values (14, 20101009, 'E1009 Baby name in English', 'E1009 බබාගේ නම සිංහලෙන්', '2010-02-26', '2010-02-01', 1, 0, 0,'Informant name for E1009', 'Informant address for E1009', '2010-02-01', '1222222452', 'Notifying Authority 1 Name', 'Notifying Authority 1 Address', '2010-02-01');

INSERT INTO CRS.BIRTH_REGISTER (bdDivisionUKey, bdfSerialNo, childFullNameEnglish, childFullNameOfficialLang, dateOfBirth, dateOfRegistration, childGender, status, informantType, informantName, informantAddress, informantSignDate, notifyingAuthorityPIN, notifyingAuthorityName, notifyingAuthorityAddress, notifyingAuthoritySignDate)
 values (14, 20101010, 'E1010 Baby name in English', 'E1010 බබාගේ නම සිංහලෙන්', '2010-02-26', '2010-02-01', 0, 0, 1,'Informant name for E1010', 'Informant address for E1010', '2010-02-01', '1222222452', 'Notifying Authority 1 Name', 'Notifying Authority 1 Address', '2010-02-01');
INSERT INTO CRS.BIRTH_REGISTER (bdDivisionUKey, bdfSerialNo, childFullNameEnglish, childFullNameOfficialLang, dateOfBirth, dateOfRegistration, childGender, status, informantType, informantName, informantAddress, informantSignDate, notifyingAuthorityPIN, notifyingAuthorityName, notifyingAuthorityAddress, notifyingAuthoritySignDate)
 values (14, 20101011, 'E1011 Baby name in English', 'E1011 බබාගේ නම සිංහලෙන්', '2010-02-27', '2010-02-01', 1, 0, 0,'Informant name for E1011', 'Informant address for E1011', '2010-02-01', '1222222452', 'Notifying Authority 1 Name', 'Notifying Authority 1 Address', '2010-02-01');
INSERT INTO CRS.BIRTH_REGISTER (bdDivisionUKey, bdfSerialNo, childFullNameEnglish, childFullNameOfficialLang, dateOfBirth, dateOfRegistration, childGender, status, informantType, informantName, informantAddress, informantSignDate, notifyingAuthorityPIN, notifyingAuthorityName, notifyingAuthorityAddress, notifyingAuthoritySignDate)
 values (14, 20101012, 'E1012 Baby name in English', 'E1012 බබාගේ නම සිංහලෙන්', '2010-02-27', '2010-02-01', 0, 0, 1,'Informant name for E1012', 'Informant address for E1012', '2010-02-01', '1222222452', 'Notifying Authority 1 Name', 'Notifying Authority 1 Address', '2010-02-01');
INSERT INTO CRS.BIRTH_REGISTER (bdDivisionUKey, bdfSerialNo, childFullNameEnglish, childFullNameOfficialLang, dateOfBirth, dateOfRegistration, childGender, status, informantType, informantName, informantAddress, informantSignDate, notifyingAuthorityPIN, notifyingAuthorityName, notifyingAuthorityAddress, notifyingAuthoritySignDate)
 values (14, 20101013, 'E1012 Baby name in English', 'E1013 බබාගේ නම සිංහලෙන්', '2010-02-27', '2010-02-01', 1, 0, 0,'Informant name for E1012', 'Informant address for E1012', '2010-02-01', '1222222452', 'Notifying Authority 1 Name', 'Notifying Authority 1 Address', '2010-02-01');
INSERT INTO CRS.BIRTH_REGISTER (bdDivisionUKey, bdfSerialNo, childFullNameEnglish, childFullNameOfficialLang, dateOfBirth, dateOfRegistration, childGender, status, informantType, informantName, informantAddress, informantSignDate, notifyingAuthorityPIN, notifyingAuthorityName, notifyingAuthorityAddress, notifyingAuthoritySignDate)
 values (14, 20101014, 'E1014 Baby name in English', 'E1014 බබාගේ නම සිංහලෙන්', '2010-02-27', '2010-02-01', 0, 4, 1,'Informant name for E1014', 'Informant address for E1014', '2010-02-01', '1222222452', 'Notifying Authority 1 Name', 'Notifying Authority 1 Address', '2010-02-01');
INSERT INTO CRS.BIRTH_REGISTER (bdDivisionUKey, bdfSerialNo, childFullNameEnglish, childFullNameOfficialLang, dateOfBirth, dateOfRegistration, childGender, status, informantType, informantName, informantAddress, informantSignDate, notifyingAuthorityPIN, notifyingAuthorityName, notifyingAuthorityAddress, notifyingAuthoritySignDate)
 values (14, 20101015, 'E1015 Baby name in English', 'E1015 බබාගේ නම සිංහලෙන්', '2010-02-27', '2010-02-01', 1, 0, 0,'Informant name for E1015', 'Informant address for E1015', '2010-02-01', '1222222452', 'Notifying Authority 1 Name', 'Notifying Authority 1 Address', '2010-02-01');
INSERT INTO CRS.BIRTH_REGISTER (bdDivisionUKey, bdfSerialNo, childFullNameEnglish, childFullNameOfficialLang, dateOfBirth, dateOfRegistration, childGender, status, informantType, informantName, informantAddress, informantSignDate, notifyingAuthorityPIN, notifyingAuthorityName, notifyingAuthorityAddress, notifyingAuthoritySignDate)
 values (14, 20101016, 'E1016 Baby name in English', 'E1016 බබාගේ නම සිංහලෙන්', '2010-02-27', '2010-02-01', 0, 4, 1,'Informant name for E1016', 'Informant address for E1016', '2010-02-01', '1222222452', 'Notifying Authority 1 Name', 'Notifying Authority 1 Address', '2010-02-01');
INSERT INTO CRS.BIRTH_REGISTER (bdDivisionUKey, bdfSerialNo, childFullNameEnglish, childFullNameOfficialLang, dateOfBirth, dateOfRegistration, childGender, status, informantType, informantName, informantAddress, informantSignDate, notifyingAuthorityPIN, notifyingAuthorityName, notifyingAuthorityAddress, notifyingAuthoritySignDate)
 values (14, 20101017, 'E1017 Baby name in English', 'E1017 බබාගේ නම සිංහලෙන්', '2010-02-27', '2010-02-01', 1, 0, 0,'Informant name for E1017', 'Informant address for E1017', '2010-02-01', '1222222452', 'Notifying Authority 1 Name', 'Notifying Authority 1 Address', '2010-02-01');
INSERT INTO CRS.BIRTH_REGISTER (bdDivisionUKey, bdfSerialNo, childFullNameEnglish, childFullNameOfficialLang, dateOfBirth, dateOfRegistration, childGender, status, informantType, informantName, informantAddress, informantSignDate, notifyingAuthorityPIN, notifyingAuthorityName, notifyingAuthorityAddress, notifyingAuthoritySignDate)
 values (14, 20101018, 'E1018 Baby name in English', 'E1018 බබාගේ නම සිංහලෙන්', '2010-02-28', '2010-02-01', 0, 0, 1,'Informant name for E1018', 'Informant address for E1018', '2010-02-01', '1222222452', 'Notifying Authority 1 Name', 'Notifying Authority 1 Address', '2010-02-01');
INSERT INTO CRS.BIRTH_REGISTER (bdDivisionUKey, bdfSerialNo, childFullNameEnglish, childFullNameOfficialLang, dateOfBirth, dateOfRegistration, childGender, status, informantType, informantName, informantAddress, informantSignDate, notifyingAuthorityPIN, notifyingAuthorityName, notifyingAuthorityAddress, notifyingAuthoritySignDate)
 values (14, 20101019, 'E1019 Baby name in English', 'E1019 බබාගේ නම සිංහලෙන්', '2010-02-28', '2010-02-01', 1, 2, 0,'Informant name for E1019', 'Informant address for E1019', '2010-02-01', '1222222452', 'Notifying Authority 1 Name', 'Notifying Authority 1 Address', '2010-02-01');

INSERT INTO CRS.BIRTH_REGISTER (bdDivisionUKey, bdfSerialNo, childFullNameEnglish, childFullNameOfficialLang, dateOfBirth, dateOfRegistration, childGender, status, informantType, informantName, informantAddress, informantSignDate, notifyingAuthorityPIN, notifyingAuthorityName, notifyingAuthorityAddress, notifyingAuthoritySignDate)
 values (14, 20101020, 'E1020 Baby name in English', 'E1020 බබාගේ නම සිංහලෙන්', '2010-02-28', '2010-02-01', 0, 0, 1,'Informant name for E1020', 'Informant address for E1020', '2010-02-01', '1222222452', 'Notifying Authority 1 Name', 'Notifying Authority 1 Address', '2010-02-01');
INSERT INTO CRS.BIRTH_REGISTER (bdDivisionUKey, bdfSerialNo, childFullNameEnglish, childFullNameOfficialLang, dateOfBirth, dateOfRegistration, childGender, status, informantType, informantName, informantAddress, informantSignDate, notifyingAuthorityPIN, notifyingAuthorityName, notifyingAuthorityAddress, notifyingAuthoritySignDate)
 values (14, 20101021, 'E1021 Baby name in English', 'E1021 බබාගේ නම සිංහලෙන්', '2010-02-28', '2010-02-01', 1, 4, 0,'Informant name for E1021', 'Informant address for E1021', '2010-02-01', '1222222452', 'Notifying Authority 1 Name', 'Notifying Authority 1 Address', '2010-02-01');
INSERT INTO CRS.BIRTH_REGISTER (bdDivisionUKey, bdfSerialNo, childFullNameEnglish, childFullNameOfficialLang, dateOfBirth, dateOfRegistration, childGender, status, informantType, informantName, informantAddress, informantSignDate, notifyingAuthorityPIN, notifyingAuthorityName, notifyingAuthorityAddress, notifyingAuthoritySignDate)
 values (14, 20101022, 'E1022 Baby name in English', 'E1022 බබාගේ නම සිංහලෙන්', '2010-02-28', '2010-02-01', 0, 0, 1,'Informant name for E1022', 'Informant address for E1022', '2010-02-01', '1222222452', 'Notifying Authority 1 Name', 'Notifying Authority 1 Address', '2010-02-01');
INSERT INTO CRS.BIRTH_REGISTER (bdDivisionUKey, bdfSerialNo, childFullNameEnglish, childFullNameOfficialLang, dateOfBirth, dateOfRegistration, childGender, status, informantType, informantName, informantAddress, informantSignDate, notifyingAuthorityPIN, notifyingAuthorityName, notifyingAuthorityAddress, notifyingAuthoritySignDate)
 values (14, 20101022, 'E1022 Baby name in English', 'E1022 බබාගේ නම සිංහලෙන්', '2010-02-28', '2010-02-01', 1, 4, 0,'Informant name for E1022', 'Informant address for E1022', '2010-02-01', '1222222452', 'Notifying Authority 1 Name', 'Notifying Authority 1 Address', '2010-02-01');
INSERT INTO CRS.BIRTH_REGISTER (bdDivisionUKey, bdfSerialNo, childFullNameEnglish, childFullNameOfficialLang, dateOfBirth, dateOfRegistration, childGender, status, informantType, informantName, informantAddress, informantSignDate, notifyingAuthorityPIN, notifyingAuthorityName, notifyingAuthorityAddress, notifyingAuthoritySignDate)
 values (14, 20101024, 'E1024 Baby name in English', 'E1024 බබාගේ නම සිංහලෙන්', '2010-02-28', '2010-02-01', 0, 3, 1,'Informant name for E1024', 'Informant address for E1024', '2010-02-01', '1222222452', 'Notifying Authority 1 Name', 'Notifying Authority 1 Address', '2010-02-01');
INSERT INTO CRS.BIRTH_REGISTER (bdDivisionUKey, bdfSerialNo, childFullNameEnglish, childFullNameOfficialLang, dateOfBirth, dateOfRegistration, childGender, status, informantType, informantName, informantAddress, informantSignDate, notifyingAuthorityPIN, notifyingAuthorityName, notifyingAuthorityAddress, notifyingAuthoritySignDate)
 values (14, 20101025, 'E1025 Baby name in English', 'E1025 බබාගේ නම සිංහලෙන්', '2010-02-28', '2010-02-02', 1,2, 0,'Informant name for E1025', 'Informant address for E1025', '2010-02-02', '1222222452', 'Notifying Authority 1 Name', 'Notifying Authority 1 Address', '2010-02-02');
INSERT INTO CRS.BIRTH_REGISTER (bdDivisionUKey, bdfSerialNo, childFullNameEnglish, childFullNameOfficialLang, dateOfBirth, dateOfRegistration, childGender, status, informantType, informantName, informantAddress, informantSignDate, notifyingAuthorityPIN, notifyingAuthorityName, notifyingAuthorityAddress, notifyingAuthoritySignDate)
 values (14, 20101026, 'E1026 Baby name in English', 'E1026 බබාගේ නම සිංහලෙන්', '2010-02-28', '2010-02-02', 0, 0, 1,'Informant name for E1026', 'Informant address for E1026', '2010-02-02', '1222222452', 'Notifying Authority 1 Name', 'Notifying Authority 1 Address', '2010-02-02');
INSERT INTO CRS.BIRTH_REGISTER (bdDivisionUKey, bdfSerialNo, childFullNameEnglish, childFullNameOfficialLang, dateOfBirth, dateOfRegistration, childGender, status, informantType, informantName, informantAddress, informantSignDate, notifyingAuthorityPIN, notifyingAuthorityName, notifyingAuthorityAddress, notifyingAuthoritySignDate)
 values (14, 20101027, 'E1027 Baby name in English', 'E1027 බබාගේ නම සිංහලෙන්', '2010-02-28', '2010-02-02', 1, 0, 0,'Informant name for E1027', 'Informant address for E1027', '2010-02-02', '1222222452', 'Notifying Authority 1 Name', 'Notifying Authority 1 Address', '2010-02-02');
INSERT INTO CRS.BIRTH_REGISTER (bdDivisionUKey, bdfSerialNo, childFullNameEnglish, childFullNameOfficialLang, dateOfBirth, dateOfRegistration, childGender, status, informantType, informantName, informantAddress, informantSignDate, notifyingAuthorityPIN, notifyingAuthorityName, notifyingAuthorityAddress, notifyingAuthoritySignDate)
 values (14, 20101028, 'E1028 Baby name in English', 'E1028 බබාගේ නම සිංහලෙන්', '2010-02-28', '2010-02-02', 0, 4, 1,'Informant name for E1028', 'Informant address for E1028', '2010-02-02', '1222222452', 'Notifying Authority 1 Name', 'Notifying Authority 1 Address', '2010-02-02');
INSERT INTO CRS.BIRTH_REGISTER (bdDivisionUKey, bdfSerialNo, childFullNameEnglish, childFullNameOfficialLang, dateOfBirth, dateOfRegistration, childGender, status, informantType, informantName, informantAddress, informantSignDate, notifyingAuthorityPIN, notifyingAuthorityName, notifyingAuthorityAddress, notifyingAuthoritySignDate)
 values (14, 20101029, 'E1029 Baby name in English', 'E1029 බබාගේ නම සිංහලෙන්', '2010-02-28', '2010-02-02', 1, 0, 0,'Informant name for E1029', 'Informant address for E1029', '2010-02-02', '1222222452', 'Notifying Authority 1 Name', 'Notifying Authority 1 Address', '2010-02-02');

INSERT INTO CRS.BIRTH_REGISTER (bdDivisionUKey, bdfSerialNo, childFullNameEnglish, childFullNameOfficialLang, dateOfBirth, dateOfRegistration, childGender, status, informantType, informantName, informantAddress, informantSignDate, notifyingAuthorityPIN, notifyingAuthorityName, notifyingAuthorityAddress, notifyingAuthoritySignDate)
 values (14, 20101030, 'E1030 Baby name in English', 'E1030 බබාගේ නම සිංහලෙන්', '2010-02-28', '2010-02-01', 0, 4, 1,'Informant name for E1030', 'Informant address for E1020', '2010-02-01', '1222222452', 'Notifying Authority 1 Name', 'Notifying Authority 1 Address', '2010-02-01');
INSERT INTO CRS.BIRTH_REGISTER (bdDivisionUKey, bdfSerialNo, childFullNameEnglish, childFullNameOfficialLang, dateOfBirth, dateOfRegistration, childGender, status, informantType, informantName, informantAddress, informantSignDate, notifyingAuthorityPIN, notifyingAuthorityName, notifyingAuthorityAddress, notifyingAuthoritySignDate)
 values (14, 20101031, 'E1031 Baby name in English', 'E1031 බබාගේ නම සිංහලෙන්', '2010-02-28', '2010-02-01', 1, 0, 0,'Informant name for E1031', 'Informant address for E1021', '2010-02-01', '1222222452', 'Notifying Authority 1 Name', 'Notifying Authority 1 Address', '2010-02-01');
INSERT INTO CRS.BIRTH_REGISTER (bdDivisionUKey, bdfSerialNo, childFullNameEnglish, childFullNameOfficialLang, dateOfBirth, dateOfRegistration, childGender, status, informantType, informantName, informantAddress, informantSignDate, notifyingAuthorityPIN, notifyingAuthorityName, notifyingAuthorityAddress, notifyingAuthoritySignDate)
 values (14, 20101032, 'E1032 Baby name in English', 'E1032 බබාගේ නම සිංහලෙන්', '2010-02-28', '2010-02-01', 0, 4, 1,'Informant name for E1032', 'Informant address for E1022', '2010-02-01', '1222222452', 'Notifying Authority 1 Name', 'Notifying Authority 1 Address', '2010-02-01');
INSERT INTO CRS.BIRTH_REGISTER (bdDivisionUKey, bdfSerialNo, childFullNameEnglish, childFullNameOfficialLang, dateOfBirth, dateOfRegistration, childGender, status, informantType, informantName, informantAddress, informantSignDate, notifyingAuthorityPIN, notifyingAuthorityName, notifyingAuthorityAddress, notifyingAuthoritySignDate)
 values (14, 20101033, 'E1033 Baby name in English', 'E1033 බබාගේ නම සිංහලෙන්', '2010-02-28', '2010-02-01', 1, 4, 0,'Informant name for E1033', 'Informant address for E1022', '2010-02-01', '1222222452', 'Notifying Authority 1 Name', 'Notifying Authority 1 Address', '2010-02-01');
INSERT INTO CRS.BIRTH_REGISTER (bdDivisionUKey, bdfSerialNo, childFullNameEnglish, childFullNameOfficialLang, dateOfBirth, dateOfRegistration, childGender, status, informantType, informantName, informantAddress, informantSignDate, notifyingAuthorityPIN, notifyingAuthorityName, notifyingAuthorityAddress, notifyingAuthoritySignDate)
 values (14, 20101034, 'E1034 Baby name in English', 'E1034 බබාගේ නම සිංහලෙන්', '2010-02-28', '2010-02-01', 0, 4, 1,'Informant name for E1034', 'Informant address for E1024', '2010-02-01', '1222222452', 'Notifying Authority 1 Name', 'Notifying Authority 1 Address', '2010-02-01');
INSERT INTO CRS.BIRTH_REGISTER (bdDivisionUKey, bdfSerialNo, childFullNameEnglish, childFullNameOfficialLang, dateOfBirth, dateOfRegistration, childGender, status, informantType, informantName, informantAddress, informantSignDate, notifyingAuthorityPIN, notifyingAuthorityName, notifyingAuthorityAddress, notifyingAuthoritySignDate)
 values (14, 20101035, 'E1035 Baby name in English', 'E1035 බබාගේ නම සිංහලෙන්', '2010-02-28', '2010-02-02', 1, 0, 0,'Informant name for E1035', 'Informant address for E1025', '2010-02-02', '1222222452', 'Notifying Authority 1 Name', 'Notifying Authority 1 Address', '2010-02-02');
INSERT INTO CRS.BIRTH_REGISTER (bdDivisionUKey, bdfSerialNo, childFullNameEnglish, childFullNameOfficialLang, dateOfBirth, dateOfRegistration, childGender, status, informantType, informantName, informantAddress, informantSignDate, notifyingAuthorityPIN, notifyingAuthorityName, notifyingAuthorityAddress, notifyingAuthoritySignDate)
 values (14, 20101036, 'E1036 Baby name in English', 'E1036 බබාගේ නම සිංහලෙන්', '2010-02-28', '2010-02-02', 0, 1, 1,'Informant name for E1036', 'Informant address for E1026', '2010-02-02', '1222222452', 'Notifying Authority 1 Name', 'Notifying Authority 1 Address', '2010-02-02');
INSERT INTO CRS.BIRTH_REGISTER (bdDivisionUKey, bdfSerialNo, childFullNameEnglish, childFullNameOfficialLang, dateOfBirth, dateOfRegistration, childGender, status, informantType, informantName, informantAddress, informantSignDate, notifyingAuthorityPIN, notifyingAuthorityName, notifyingAuthorityAddress, notifyingAuthoritySignDate)
 values (14, 20101037, 'E1037 Baby name in English', 'E1037 බබාගේ නම සිංහලෙන්', '2010-02-28', '2010-02-02', 1, 0, 0,'Informant name for E1037', 'Informant address for E1027', '2010-02-02', '1222222452', 'Notifying Authority 1 Name', 'Notifying Authority 1 Address', '2010-02-02');
INSERT INTO CRS.BIRTH_REGISTER (bdDivisionUKey, bdfSerialNo, childFullNameEnglish, childFullNameOfficialLang, dateOfBirth, dateOfRegistration, childGender, status, informantType, informantName, informantAddress, informantSignDate, notifyingAuthorityPIN, notifyingAuthorityName, notifyingAuthorityAddress, notifyingAuthoritySignDate)
 values (14, 20101038, 'E1028 Baby name in English', 'E1038 බබාගේ නම සිංහලෙන්', '2010-02-28', '2010-02-02', 0, 3, 1,'Informant name for E1038', 'Informant address for E1028', '2010-02-02', '1222222452', 'Notifying Authority 1 Name', 'Notifying Authority 1 Address', '2010-02-02');
INSERT INTO CRS.BIRTH_REGISTER (bdDivisionUKey, bdfSerialNo, childFullNameEnglish, childFullNameOfficialLang, dateOfBirth, dateOfRegistration, childGender, status, informantType, informantName, informantAddress, informantSignDate, notifyingAuthorityPIN, notifyingAuthorityName, notifyingAuthorityAddress, notifyingAuthoritySignDate)
 values (14, 20101039, 'E1029 Baby name in English', 'E1039 බබාගේ නම සිංහලෙන්', '2010-02-28', '2010-02-02', 1, 4, 0,'Informant name for E1039', 'Informant address for E1029', '2010-02-02', '1222222452', 'Notifying Authority 1 Name', 'Notifying Authority 1 Address', '2010-02-02');
