-- Configurable Application Parameters
INSERT INTO COMMON.APP_PARAMETERS(NAME, VALUE) VALUES('rgd.password_expiry_days', '30');
INSERT INTO COMMON.APP_PARAMETERS(NAME, VALUE) VALUES('crs.birth.late_reg_days', '90');
INSERT INTO COMMON.APP_PARAMETERS(NAME, VALUE) VALUES('crs.birth.auto_confirmation_days', '28');
INSERT INTO COMMON.APP_PARAMETERS(NAME, VALUE) VALUES('crs.birth.confirmation_days_printed', '14');
INSERT INTO COMMON.APP_PARAMETERS(NAME, VALUE) VALUES('crs.birth.belated_reg_days', '365');
INSERT INTO COMMON.APP_PARAMETERS(NAME, VALUE) VALUES('crs.birth.certificate.search.record.limit', '100');
INSERT INTO COMMON.APP_PARAMETERS(NAME, VALUE) VALUES('crs.br_approval_rows_per_page', '50');
INSERT INTO COMMON.APP_PARAMETERS(NAME, VALUE) VALUES('crs.dr_rows_per_page', '50');

-- Countries
INSERT INTO COMMON.COUNTRIES (COUNTRYID, COUNTRYCODE, SICOUNTRYNAME, ENCOUNTRYNAME, TACOUNTRYNAME) VALUES(1, 'LK', 'ශ්‍රී ලංකාව', 'Sri Lanka', 'ஸ்ரீ லங்கா');
INSERT INTO COMMON.COUNTRIES (COUNTRYID, COUNTRYCODE, SICOUNTRYNAME, ENCOUNTRYNAME, TACOUNTRYNAME) VALUES(2, 'JP', 'ජපානය', 'Japan', 'ஜப்பான்');
INSERT INTO COMMON.COUNTRIES (COUNTRYID, COUNTRYCODE, SICOUNTRYNAME, ENCOUNTRYNAME, TACOUNTRYNAME) VALUES(3, 'IN', 'ඉන්දියාව', 'India', 'இந்திய');

-- Races
INSERT INTO COMMON.RACES (RACEID, SIRACENAME, ENRACENAME, TARACENAME) VALUES(1, 'සිංහල', 'Sinhalese', 'in tamil 1');
INSERT INTO COMMON.RACES (RACEID, SIRACENAME, ENRACENAME, TARACENAME) VALUES(2, 'ශ්‍රී ලාංකික දෙමල', 'Sri Lankan Tamil', 'in tamil 2');
INSERT INTO COMMON.RACES (RACEID, SIRACENAME, ENRACENAME, TARACENAME) VALUES(3, 'ඉන්දියානු දෙමල', 'Indian Tamil', 'in tamil 3');
INSERT INTO COMMON.RACES (RACEID, SIRACENAME, ENRACENAME, TARACENAME) VALUES(4, 'ශ්‍රී ලාංකික මුවර්', 'Sri Lankan Moor', 'in tamil 4');
INSERT INTO COMMON.RACES (RACEID, SIRACENAME, ENRACENAME, TARACENAME) VALUES(5, 'බර්ගර්', 'Burgher', 'in tamil 5');
INSERT INTO COMMON.RACES (RACEID, SIRACENAME, ENRACENAME, TARACENAME) VALUES(6, 'මලෙයි', 'Malay', 'in tamil 6');
INSERT INTO COMMON.RACES (RACEID, SIRACENAME, ENRACENAME, TARACENAME) VALUES(7, 'ශ්‍රී ලාංකික චෙට්ටි', 'Sri Lankan Chetty', 'in tamil 7');
INSERT INTO COMMON.RACES (RACEID, SIRACENAME, ENRACENAME, TARACENAME) VALUES(8, 'භාරත', 'Bharatha', 'in tamil 8');
INSERT INTO COMMON.RACES (RACEID, SIRACENAME, ENRACENAME, TARACENAME) VALUES(9, 'ඉන්දියානු මුවර්', 'Indian Moor', 'in tamil 9');
INSERT INTO COMMON.RACES (RACEID, SIRACENAME, ENRACENAME, TARACENAME) VALUES(10, 'පකිස්තානි මුවර්', 'Pakistan Moor', 'in tamil 10');
INSERT INTO COMMON.RACES (RACEID, SIRACENAME, ENRACENAME, TARACENAME) VALUES(11, 'වෙනත් - පිටරට්', 'Other - Foreigners', 'in tamil 11');
INSERT INTO COMMON.RACES (RACEID, SIRACENAME, ENRACENAME, TARACENAME) VALUES(12, 'වෙනත් - ශ්‍රී ලාංකික', 'Other - Sri Lankans', 'in tamil 12');
INSERT INTO COMMON.RACES (RACEID, SIRACENAME, ENRACENAME, TARACENAME) VALUES(13, 'නොදත්', 'Race Unknown', 'in tamil 13');

-- Districts
INSERT INTO COMMON.DISTRICTS (districtId, siDistrictName, enDistrictName, taDistrictName)  VALUES(11, 'කොළඹ', 'Colombo', '‎கொழும்பு');
INSERT INTO COMMON.DISTRICTS (districtId, siDistrictName, enDistrictName, taDistrictName)  VALUES(12, 'ගම්පහ', 'Gampaha', 'கம்‍‍‎ப‍‍ஹ');
INSERT INTO COMMON.DISTRICTS (districtId, siDistrictName, enDistrictName, taDistrictName)  VALUES(13, 'කළුතර', 'Kalutara', 'களுத்து‍றை');
INSERT INTO COMMON.DISTRICTS (districtId, siDistrictName, enDistrictName, taDistrictName)  VALUES(21, 'මහනුවර', 'Kandy', 'கண்டி');
INSERT INTO COMMON.DISTRICTS (districtId, siDistrictName, enDistrictName, taDistrictName)  VALUES(22, 'මාතලේ', 'Matale', 'மாத்த‍‍‍ளை');
INSERT INTO COMMON.DISTRICTS (districtId, siDistrictName, enDistrictName, taDistrictName)  VALUES(23, 'නුවරඑළිය', 'Nuwara Eliya', 'நுவ‎ரெளியா');
INSERT INTO COMMON.DISTRICTS (districtId, siDistrictName, enDistrictName, taDistrictName)  VALUES(31, 'ගාල්ල', 'Galle', 'காலி');
INSERT INTO COMMON.DISTRICTS (districtId, siDistrictName, enDistrictName, taDistrictName)  VALUES(32, 'මාතර', 'Matara', 'மாத்தறை');
INSERT INTO COMMON.DISTRICTS (districtId, siDistrictName, enDistrictName, taDistrictName)  VALUES(33, 'හම්බන්තොට', 'Hambantota', 'ஹம்பாந்தோட்‍டை');
INSERT INTO COMMON.DISTRICTS (districtId, siDistrictName, enDistrictName, taDistrictName)  VALUES(41, 'යාපනය', 'Jaffna', 'யாழ்பாணம்');
INSERT INTO COMMON.DISTRICTS (districtId, siDistrictName, enDistrictName, taDistrictName)  VALUES(42, 'මන්නාරම', 'Mannar', 'மன்னார்');
INSERT INTO COMMON.DISTRICTS (districtId, siDistrictName, enDistrictName, taDistrictName)  VALUES(43, 'වව්නියාව', 'Vavuniya', 'வவுனியா');
INSERT INTO COMMON.DISTRICTS (districtId, siDistrictName, enDistrictName, taDistrictName)  VALUES(44, 'මුලතිව්', 'Mullaitivu', 'முள்ளைத்தீவு');
INSERT INTO COMMON.DISTRICTS (districtId, siDistrictName, enDistrictName, taDistrictName)  VALUES(45, 'කිලිනොච්චි', 'Kilinochchi', 'கிளி‎‎நொச்சி');
INSERT INTO COMMON.DISTRICTS (districtId, siDistrictName, enDistrictName, taDistrictName)  VALUES(51, 'මඩකලපුව', 'Batticaloa', 'மட்டக்களப்பு');
INSERT INTO COMMON.DISTRICTS (districtId, siDistrictName, enDistrictName, taDistrictName)  VALUES(52, 'අම්පාර', 'Ampara', 'அம்பா‍‍றை');
INSERT INTO COMMON.DISTRICTS (districtId, siDistrictName, enDistrictName, taDistrictName)  VALUES(53, 'ත්‍රිකුණාමලය', 'Trincomalee', 'திரு‍கோண‍மலை');
INSERT INTO COMMON.DISTRICTS (districtId, siDistrictName, enDistrictName, taDistrictName)  VALUES(61, 'කුරුණෑගල', 'Kurunegala', 'குருணாக‍லை');
INSERT INTO COMMON.DISTRICTS (districtId, siDistrictName, enDistrictName, taDistrictName)  VALUES(62, 'පුත්තලම', 'Puttalam', 'புத்தளம்');
INSERT INTO COMMON.DISTRICTS (districtId, siDistrictName, enDistrictName, taDistrictName)  VALUES(71, 'අනුරාධපුරය', 'Anuradhapura', 'அநுராதபுரம்');
INSERT INTO COMMON.DISTRICTS (districtId, siDistrictName, enDistrictName, taDistrictName)  VALUES(72, 'පොළොන්නරුව', 'Polonnaruwa', '‎பொலண்ணரு‍வை');
INSERT INTO COMMON.DISTRICTS (districtId, siDistrictName, enDistrictName, taDistrictName)  VALUES(81, 'බදුල්ල', 'Badulla', 'பது‍ளை');
INSERT INTO COMMON.DISTRICTS (districtId, siDistrictName, enDistrictName, taDistrictName)  VALUES(82, 'මොනරාගල', 'Moneragala', '‎மொணராக‍லை');
INSERT INTO COMMON.DISTRICTS (districtId, siDistrictName, enDistrictName, taDistrictName)  VALUES(91, 'රත්නපුර', 'Ratnapura', 'இரத்திணபுரி');
INSERT INTO COMMON.DISTRICTS (districtId, siDistrictName, enDistrictName, taDistrictName)  VALUES(92, 'කෑගල්ල', 'Kegalle', '‍‎‍‍‍கேகா‍லை');

INSERT INTO COMMON.DS_DIVISIONS(districtUKey, divisionId, enDivisionName, siDivisionName, taDivisionName) VALUES(1, 3, 'Colombo', 'කොළඹ', 'கொழும்பு');
INSERT INTO COMMON.DS_DIVISIONS(districtUKey, divisionId, enDivisionName, siDivisionName, taDivisionName) VALUES(1, 6, 'Kolonnawa', 'කොළොන්නාව', 'கொ‎லொண்ணா‍வை');
INSERT INTO COMMON.DS_DIVISIONS(districtUKey, divisionId, enDivisionName, siDivisionName, taDivisionName) VALUES(1, 9, 'Kaduwela', 'කඩුවෙළ', 'கடு‎வெ‍லை');
INSERT INTO COMMON.DS_DIVISIONS(districtUKey, divisionId, enDivisionName, siDivisionName, taDivisionName) VALUES(1, 12, 'Homagama', 'හෝමගම', 'ஹோமாகம');
INSERT INTO COMMON.DS_DIVISIONS(districtUKey, divisionId, enDivisionName, siDivisionName, taDivisionName) VALUES(1, 15, 'Hanwella', 'හංවැල්ල', 'ஹங்‎வெல்‍லை');
INSERT INTO COMMON.DS_DIVISIONS(districtUKey, divisionId, enDivisionName, siDivisionName, taDivisionName) VALUES(1, 18, 'Padukka', 'පාදුක්ක', 'பாதுக்‍கை');
INSERT INTO COMMON.DS_DIVISIONS(districtUKey, divisionId, enDivisionName, siDivisionName, taDivisionName) VALUES(1, 21, 'Maharagama', 'මහරගම', 'மஹரகம');
INSERT INTO COMMON.DS_DIVISIONS(districtUKey, divisionId, enDivisionName, siDivisionName, taDivisionName) VALUES(1, 24, 'Sri Jayawardanapura Kotte', 'ශ්‍රී ජයවර්ධනපුර කෝට්ටෙ', 'ஸ்ரீ ஜயவர்தணபுர ‍கோட்‍டை');
INSERT INTO COMMON.DS_DIVISIONS(districtUKey, divisionId, enDivisionName, siDivisionName, taDivisionName) VALUES(1, 27, 'Thimbirigasyaya', 'තිඹිරිගස්යාය', 'திம்பிரிகஸ்யா‍யை');
INSERT INTO COMMON.DS_DIVISIONS(districtUKey, divisionId, enDivisionName, siDivisionName, taDivisionName) VALUES(1, 30, 'Dehiwala-Mount Lavinia', 'දෙහිවල -ගල්කිස්ස', 'தெஹிவளை-கல்கிஸ்‍ஸ');
INSERT INTO COMMON.DS_DIVISIONS(districtUKey, divisionId, enDivisionName, siDivisionName, taDivisionName) VALUES(1, 31, 'Ratmalana', 'රත්මලාන', 'இரத்மழா‍ணை');
INSERT INTO COMMON.DS_DIVISIONS(districtUKey, divisionId, enDivisionName, siDivisionName, taDivisionName) VALUES(1, 33, 'Moratuwa', 'මොරටුව', 'மொரட்டு‍வை');
INSERT INTO COMMON.DS_DIVISIONS(districtUKey, divisionId, enDivisionName, siDivisionName, taDivisionName) VALUES(1, 36, 'Kesbewa', 'කැස්බෑව', '‎கெஸ்‍‍பே‍வை');
INSERT INTO COMMON.DS_DIVISIONS(districtUKey, divisionId, enDivisionName, siDivisionName, taDivisionName) VALUES(2, 3, 'Negombo', 'මීගමුව', 'நீர்கொழும்பு');
INSERT INTO COMMON.DS_DIVISIONS(districtUKey, divisionId, enDivisionName, siDivisionName, taDivisionName) VALUES(2, 6, 'Katana', 'කටාන', 'கடா‍ணை');
INSERT INTO COMMON.DS_DIVISIONS(districtUKey, divisionId, enDivisionName, siDivisionName, taDivisionName) VALUES(2, 9, 'Divulapitiya', 'දිවුලපිටිය', 'திவுலப்பிட்டிய');
INSERT INTO COMMON.DS_DIVISIONS(districtUKey, divisionId, enDivisionName, siDivisionName, taDivisionName) VALUES(2, 12, 'Mirigama', 'මීරිගම', 'மீரிகமை');
INSERT INTO COMMON.DS_DIVISIONS(districtUKey, divisionId, enDivisionName, siDivisionName, taDivisionName) VALUES(2, 15, 'Minuwangoda', 'මිනුවන්ගොඩ', 'மிணுவாங்‎‎கொ‍டை');
INSERT INTO COMMON.DS_DIVISIONS(districtUKey, divisionId, enDivisionName, siDivisionName, taDivisionName) VALUES(2, 18, 'Wattala', 'වත්තල', 'வத்தளை');
INSERT INTO COMMON.DS_DIVISIONS(districtUKey, divisionId, enDivisionName, siDivisionName, taDivisionName) VALUES(2, 21, 'Ja-Ela', 'ජා-ඇල', 'ஜா-எல');
INSERT INTO COMMON.DS_DIVISIONS(districtUKey, divisionId, enDivisionName, siDivisionName, taDivisionName) VALUES(2, 24, 'Gampaha', 'ගම්පහ', 'கம்பஹ');
INSERT INTO COMMON.DS_DIVISIONS(districtUKey, divisionId, enDivisionName, siDivisionName, taDivisionName) VALUES(2, 27, 'Attanagalla', 'අත්තනගල්ල', 'அத்தணகல்‍லை');
INSERT INTO COMMON.DS_DIVISIONS(districtUKey, divisionId, enDivisionName, siDivisionName, taDivisionName) VALUES(2, 30, 'Dompe', 'දොම්පෙ', '‎தொம்‍பே');
INSERT INTO COMMON.DS_DIVISIONS(districtUKey, divisionId, enDivisionName, siDivisionName, taDivisionName) VALUES(2, 33, 'Mahara', 'මහර', 'மஹற');
INSERT INTO COMMON.DS_DIVISIONS(districtUKey, divisionId, enDivisionName, siDivisionName, taDivisionName) VALUES(2, 36, 'Kelaniya', 'කැළණිය', 'களணி');
INSERT INTO COMMON.DS_DIVISIONS(districtUKey, divisionId, enDivisionName, siDivisionName, taDivisionName) VALUES(2, 39, 'Biyagama', 'බියගම', 'பியக‍மை');
INSERT INTO COMMON.DS_DIVISIONS(districtUKey, divisionId, enDivisionName, siDivisionName, taDivisionName) VALUES(3, 3, 'Panadura', 'පානදුර', 'பாணத்து‍றை');
INSERT INTO COMMON.DS_DIVISIONS(districtUKey, divisionId, enDivisionName, siDivisionName, taDivisionName) VALUES(3, 6, 'Bandaragama', 'බණ්ඩාරගම', 'பண்டாரக‍மை');
INSERT INTO COMMON.DS_DIVISIONS(districtUKey, divisionId, enDivisionName, siDivisionName, taDivisionName) VALUES(3, 9, 'Horana', 'හොරණ', '‎ஹொற‍ணை');
INSERT INTO COMMON.DS_DIVISIONS(districtUKey, divisionId, enDivisionName, siDivisionName, taDivisionName) VALUES(3, 10, 'Ingiriya', 'ඉංගිරිය', 'இங்கிரிய');
INSERT INTO COMMON.DS_DIVISIONS(districtUKey, divisionId, enDivisionName, siDivisionName, taDivisionName) VALUES(3, 12, 'Bulathsinhala', 'බුලත්සිංහල', 'புழத்சிங்கள');
INSERT INTO COMMON.DS_DIVISIONS(districtUKey, divisionId, enDivisionName, siDivisionName, taDivisionName) VALUES(3, 15, 'Madurawela', 'මදුරාවල', 'மதுரா‎வெள');
INSERT INTO COMMON.DS_DIVISIONS(districtUKey, divisionId, enDivisionName, siDivisionName, taDivisionName) VALUES(3, 18, 'Millaniya', 'මිල්ලනිය', 'மில்லணிய');
INSERT INTO COMMON.DS_DIVISIONS(districtUKey, divisionId, enDivisionName, siDivisionName, taDivisionName) VALUES(3, 21, 'Kalutara', 'කළුතර', 'களுத்து‍றை');
INSERT INTO COMMON.DS_DIVISIONS(districtUKey, divisionId, enDivisionName, siDivisionName, taDivisionName) VALUES(3, 24, 'Beruwala', 'බේරුවල', '‍‍பேறுவ‍ளை');
INSERT INTO COMMON.DS_DIVISIONS(districtUKey, divisionId, enDivisionName, siDivisionName, taDivisionName) VALUES(3, 27, 'Dodangoda', 'දොඩම්ගොඩ', '‎தொடந்தூவை');
INSERT INTO COMMON.DS_DIVISIONS(districtUKey, divisionId, enDivisionName, siDivisionName, taDivisionName) VALUES(3, 30, 'Mathugama', 'මතුගම', 'மத்துக‍மை');
INSERT INTO COMMON.DS_DIVISIONS(districtUKey, divisionId, enDivisionName, siDivisionName, taDivisionName) VALUES(3, 33, 'Agalawatta', 'අගලවත්ත', 'அகளவத்‍தை');
INSERT INTO COMMON.DS_DIVISIONS(districtUKey, divisionId, enDivisionName, siDivisionName, taDivisionName) VALUES(3, 36, 'Palindanuwara', 'පාලින්ද නුවර', 'பாலிந்தநுவர');
INSERT INTO COMMON.DS_DIVISIONS(districtUKey, divisionId, enDivisionName, siDivisionName, taDivisionName) VALUES(3, 39, 'Walallavita', 'වලල්ලාවිට', 'வளள்ளாவிட்ட');
INSERT INTO COMMON.DS_DIVISIONS(districtUKey, divisionId, enDivisionName, siDivisionName, taDivisionName) VALUES(4, 3, 'Thumpane', 'තුම්පනේ', 'தும்பணை‍');
INSERT INTO COMMON.DS_DIVISIONS(districtUKey, divisionId, enDivisionName, siDivisionName, taDivisionName) VALUES(4, 6, 'Poojapitiya', 'පුජාපිටිය', 'பூஜாபிட்டிய');
INSERT INTO COMMON.DS_DIVISIONS(districtUKey, divisionId, enDivisionName, siDivisionName, taDivisionName) VALUES(4, 9, 'Akurana', 'අකුරණ', 'அக்குர‍ணை');
INSERT INTO COMMON.DS_DIVISIONS(districtUKey, divisionId, enDivisionName, siDivisionName, taDivisionName) VALUES(4, 12, 'Pathadumbara', 'පාතදුම්බර', 'பாத்ததும்ப‍ரை');
INSERT INTO COMMON.DS_DIVISIONS(districtUKey, divisionId, enDivisionName, siDivisionName, taDivisionName) VALUES(4, 15, 'Panvila', 'පන්විල', 'பண்வில');
INSERT INTO COMMON.DS_DIVISIONS(districtUKey, divisionId, enDivisionName, siDivisionName, taDivisionName) VALUES(4, 18, 'Udadumbara', 'උඩදුම්බර', 'உடதும்ப‍ரை');
INSERT INTO COMMON.DS_DIVISIONS(districtUKey, divisionId, enDivisionName, siDivisionName, taDivisionName) VALUES(4, 21, 'Minipe', 'මිනිපේ            *', 'மினிபே');
INSERT INTO COMMON.DS_DIVISIONS(districtUKey, divisionId, enDivisionName, siDivisionName, taDivisionName) VALUES(4, 24, 'Medadumbara', 'මැදදුම්බර', '‎மெததும்பர');
INSERT INTO COMMON.DS_DIVISIONS(districtUKey, divisionId, enDivisionName, siDivisionName, taDivisionName) VALUES(4, 27, 'Kundasale', 'කුණ්ඩසාලෙ', 'குண்டசா‍லை');
INSERT INTO COMMON.DS_DIVISIONS(districtUKey, divisionId, enDivisionName, siDivisionName, taDivisionName) VALUES(4, 30, 'Kandy Four Gravets & Gangawata Korale', 'මහනුවර කඩවත් සතර හා ගඟවටකොරළේ', 'கண்டி கடவத்ஸதர, கங்கவட கோரலே');
INSERT INTO COMMON.DS_DIVISIONS(districtUKey, divisionId, enDivisionName, siDivisionName, taDivisionName) VALUES(4, 33, 'Harispattuwa', 'හාරිස්පත්තුව', 'ஹரிஸ்பத்துவ');
INSERT INTO COMMON.DS_DIVISIONS(districtUKey, divisionId, enDivisionName, siDivisionName, taDivisionName) VALUES(4, 34, 'Hatharaliyadda', 'හතරලියැද්ද', 'ஹதரழி‎யெந்த');
INSERT INTO COMMON.DS_DIVISIONS(districtUKey, divisionId, enDivisionName, siDivisionName, taDivisionName) VALUES(4, 36, 'Yatinuwara', 'යටිනුවර', 'யட்டினுவர');
INSERT INTO COMMON.DS_DIVISIONS(districtUKey, divisionId, enDivisionName, siDivisionName, taDivisionName) VALUES(4, 39, 'Udunuwara', 'උඩුනුවර      *', 'உடுனுவர');
INSERT INTO COMMON.DS_DIVISIONS(districtUKey, divisionId, enDivisionName, siDivisionName, taDivisionName) VALUES(4, 42, 'Doluwa', 'දොළුව', '‎தொழுவ');
INSERT INTO COMMON.DS_DIVISIONS(districtUKey, divisionId, enDivisionName, siDivisionName, taDivisionName) VALUES(4, 45, 'Pathahewaheta', 'පහතහේවාහැට', 'பஹத‍‍ஹேவா‎ஹெட');
INSERT INTO COMMON.DS_DIVISIONS(districtUKey, divisionId, enDivisionName, siDivisionName, taDivisionName) VALUES(4, 48, 'Delthota', 'දෙල්තොට', '‎தெல்‎தொட்ட');
INSERT INTO COMMON.DS_DIVISIONS(districtUKey, divisionId, enDivisionName, siDivisionName, taDivisionName) VALUES(4, 51, 'Udapalatha', 'උඩපලාත', 'உடபலாத');
INSERT INTO COMMON.DS_DIVISIONS(districtUKey, divisionId, enDivisionName, siDivisionName, taDivisionName) VALUES(4, 54, 'Ganga Ihala Korale', 'ගඟ ඉහළ කොරළේ', 'கங்க இஹல ‍ேகாற‍‍லே');
INSERT INTO COMMON.DS_DIVISIONS(districtUKey, divisionId, enDivisionName, siDivisionName, taDivisionName) VALUES(4, 57, 'Pasbage Korale', 'පස්බාගේ කොරළේ', 'பஸ்பா‍கே ‍கோற‍லே');
INSERT INTO COMMON.DS_DIVISIONS(districtUKey, divisionId, enDivisionName, siDivisionName, taDivisionName) VALUES(5, 3, 'Galewela', 'ගලේවෙල', 'கலேவெல');
INSERT INTO COMMON.DS_DIVISIONS(districtUKey, divisionId, enDivisionName, siDivisionName, taDivisionName) VALUES(5, 6, 'Dambulla', 'දඹුල්ල', 'தம்புல்ல');
INSERT INTO COMMON.DS_DIVISIONS(districtUKey, divisionId, enDivisionName, siDivisionName, taDivisionName) VALUES(5, 9, 'Naula', 'නාඋල', 'நாஉல');
INSERT INTO COMMON.DS_DIVISIONS(districtUKey, divisionId, enDivisionName, siDivisionName, taDivisionName) VALUES(5, 12, 'Pallepola', 'පල්ලෙපොල', 'பல்லெபொல');
INSERT INTO COMMON.DS_DIVISIONS(districtUKey, divisionId, enDivisionName, siDivisionName, taDivisionName) VALUES(5, 15, 'Yatawatta', 'යටවත්ත', 'யடவத்த');
INSERT INTO COMMON.DS_DIVISIONS(districtUKey, divisionId, enDivisionName, siDivisionName, taDivisionName) VALUES(5, 18, 'Matale', 'මාතලේ', 'மாத்தளை');
INSERT INTO COMMON.DS_DIVISIONS(districtUKey, divisionId, enDivisionName, siDivisionName, taDivisionName) VALUES(5, 21, 'Ambanganga Korale', 'අඹන්ගඟ කොරළේ', 'அம்பங்கககோரலே');
INSERT INTO COMMON.DS_DIVISIONS(districtUKey, divisionId, enDivisionName, siDivisionName, taDivisionName) VALUES(5, 24, 'Laggala-Pallegama', 'ලග්ගල - පල්ලෙගම', 'லக்கல - பல்லேகம');
INSERT INTO COMMON.DS_DIVISIONS(districtUKey, divisionId, enDivisionName, siDivisionName, taDivisionName) VALUES(5, 27, 'Wilgamuwa', 'විල්ගමුව', 'வில்கமுவ');
INSERT INTO COMMON.DS_DIVISIONS(districtUKey, divisionId, enDivisionName, siDivisionName, taDivisionName) VALUES(5, 30, 'Rattota', 'රත්තොට', 'ரத்தொட');
INSERT INTO COMMON.DS_DIVISIONS(districtUKey, divisionId, enDivisionName, siDivisionName, taDivisionName) VALUES(5, 33, 'Ukuwela', 'උකුවෙල', 'உகுவெல');
INSERT INTO COMMON.DS_DIVISIONS(districtUKey, divisionId, enDivisionName, siDivisionName, taDivisionName) VALUES(6, 3, 'Kothmale', 'තකාත්මලේ', '‎‎கொத்ம‍லை');
INSERT INTO COMMON.DS_DIVISIONS(districtUKey, divisionId, enDivisionName, siDivisionName, taDivisionName) VALUES(6, 6, 'Hanguranketha', 'හඟුරන්කෙත', 'ஹங்குரங்‎கெத');
INSERT INTO COMMON.DS_DIVISIONS(districtUKey, divisionId, enDivisionName, siDivisionName, taDivisionName) VALUES(6, 9, 'Walapane', 'වලපනේ', 'வலப‍‍னே');
INSERT INTO COMMON.DS_DIVISIONS(districtUKey, divisionId, enDivisionName, siDivisionName, taDivisionName) VALUES(6, 12, 'Nuwara Eliya', 'නුවර එළිය', 'நுவ‎ரெளியா');
INSERT INTO COMMON.DS_DIVISIONS(districtUKey, divisionId, enDivisionName, siDivisionName, taDivisionName) VALUES(6, 15, 'Ambagamuwa', 'අඹගමුව', 'அம்பகமுவ');
INSERT INTO COMMON.DS_DIVISIONS(districtUKey, divisionId, enDivisionName, siDivisionName, taDivisionName) VALUES(7, 3, 'Benthota', 'බෙන්තොට', '‎பென்‎தொட்டை');
INSERT INTO COMMON.DS_DIVISIONS(districtUKey, divisionId, enDivisionName, siDivisionName, taDivisionName) VALUES(7, 6, 'Balapitiya', 'බලපිටිය', 'பலபிட்டிய');
INSERT INTO COMMON.DS_DIVISIONS(districtUKey, divisionId, enDivisionName, siDivisionName, taDivisionName) VALUES(7, 9, 'Karandeniya', 'කරන්දෙණිය', 'கரந்‎தெனிய');
INSERT INTO COMMON.DS_DIVISIONS(districtUKey, divisionId, enDivisionName, siDivisionName, taDivisionName) VALUES(7, 12, 'Elpitiya', 'ඇල්පිටිය', 'எல்பிடி');
INSERT INTO COMMON.DS_DIVISIONS(districtUKey, divisionId, enDivisionName, siDivisionName, taDivisionName) VALUES(7, 15, 'Niyagama', 'නියාගම', 'நியாகம');
INSERT INTO COMMON.DS_DIVISIONS(districtUKey, divisionId, enDivisionName, siDivisionName, taDivisionName) VALUES(7, 18, 'Thawalama', 'තවලම', 'தவலம');
INSERT INTO COMMON.DS_DIVISIONS(districtUKey, divisionId, enDivisionName, siDivisionName, taDivisionName) VALUES(7, 21, 'Neluwa', 'නෙළුව', '‎நெழுவ');
INSERT INTO COMMON.DS_DIVISIONS(districtUKey, divisionId, enDivisionName, siDivisionName, taDivisionName) VALUES(7, 24, 'Nagoda', 'නාගොඩ', 'நா‎கொ‍டை');
INSERT INTO COMMON.DS_DIVISIONS(districtUKey, divisionId, enDivisionName, siDivisionName, taDivisionName) VALUES(7, 27, 'Baddegama', 'බද්දෙගම', 'பத்‍தேகம');
INSERT INTO COMMON.DS_DIVISIONS(districtUKey, divisionId, enDivisionName, siDivisionName, taDivisionName) VALUES(7, 30, 'Welivitiya-Divithura', 'වැලිවිටිය - දිවිතුර', '‎வெலிவிடிய-திவிதுர');
INSERT INTO COMMON.DS_DIVISIONS(districtUKey, divisionId, enDivisionName, siDivisionName, taDivisionName) VALUES(7, 33, 'Ambalangoda', 'අම්බලන්ගොඩ', 'அம்பலாங்‎கொடை');
INSERT INTO COMMON.DS_DIVISIONS(districtUKey, divisionId, enDivisionName, siDivisionName, taDivisionName) VALUES(7, 36, 'Hikkaduwa', 'හික්කඩුව', 'ஹிக்கடுவை');
INSERT INTO COMMON.DS_DIVISIONS(districtUKey, divisionId, enDivisionName, siDivisionName, taDivisionName) VALUES(7, 39, 'Galle Four Gravets', 'ගාල්ල කඩවත් සතර', 'காலி கடவத் ஸதர(பிரதேச செயலகப் பிரிவு)');
INSERT INTO COMMON.DS_DIVISIONS(districtUKey, divisionId, enDivisionName, siDivisionName, taDivisionName) VALUES(7, 42, 'Bope-Poddala', 'බෝපෙ පෝද්දල', '‍‎‍போ‍பே-‎பொத்தல');
INSERT INTO COMMON.DS_DIVISIONS(districtUKey, divisionId, enDivisionName, siDivisionName, taDivisionName) VALUES(7, 45, 'Akmeemana', 'අක්මීමන', 'அக்மீமண');
INSERT INTO COMMON.DS_DIVISIONS(districtUKey, divisionId, enDivisionName, siDivisionName, taDivisionName) VALUES(7, 48, 'Yakkalamulla', 'යක්කල මුල්ල', 'யக்கலமுல்ல');
INSERT INTO COMMON.DS_DIVISIONS(districtUKey, divisionId, enDivisionName, siDivisionName, taDivisionName) VALUES(7, 51, 'Imaduwa', 'ඉමදූව', 'இமதூவ');
INSERT INTO COMMON.DS_DIVISIONS(districtUKey, divisionId, enDivisionName, siDivisionName, taDivisionName) VALUES(7, 54, 'Habaraduwa', 'හබරාදුව', 'ஹபராதூவ');
INSERT INTO COMMON.DS_DIVISIONS(districtUKey, divisionId, enDivisionName, siDivisionName, taDivisionName) VALUES(8, 3, 'Pitabeddara', 'පිටබැද්දර', 'பிட்ட‎பெத்தர');
INSERT INTO COMMON.DS_DIVISIONS(districtUKey, divisionId, enDivisionName, siDivisionName, taDivisionName) VALUES(8, 6, 'Kotapola', 'කොටපොල', 'கொடபொல');
INSERT INTO COMMON.DS_DIVISIONS(districtUKey, divisionId, enDivisionName, siDivisionName, taDivisionName) VALUES(8, 9, 'Pasgoda', 'පස්ගොඩ', 'பஸ்‎கொட');
INSERT INTO COMMON.DS_DIVISIONS(districtUKey, divisionId, enDivisionName, siDivisionName, taDivisionName) VALUES(8, 12, 'Mulatiyana', 'මුලටියන', 'முலடியன');
INSERT INTO COMMON.DS_DIVISIONS(districtUKey, divisionId, enDivisionName, siDivisionName, taDivisionName) VALUES(8, 15, 'Athuraliya', 'අතුරලිය', 'அத்து‎ரெளிய');
INSERT INTO COMMON.DS_DIVISIONS(districtUKey, divisionId, enDivisionName, siDivisionName, taDivisionName) VALUES(8, 18, 'Akuressa', 'අකුරැස්ස', 'அக்கு‎ரெஸ்ஸ');
INSERT INTO COMMON.DS_DIVISIONS(districtUKey, divisionId, enDivisionName, siDivisionName, taDivisionName) VALUES(8, 21, 'Welipitiya', 'වැලිපිටිය', 'வெலிபிடிய');
INSERT INTO COMMON.DS_DIVISIONS(districtUKey, divisionId, enDivisionName, siDivisionName, taDivisionName) VALUES(8, 24, 'Malimbada', 'මාලිම්බඩ', 'மாலிம்பட');
INSERT INTO COMMON.DS_DIVISIONS(districtUKey, divisionId, enDivisionName, siDivisionName, taDivisionName) VALUES(8, 27, 'Kamburupitiya', 'කඹුරුපිටිය', 'கம்புறுபிடிய');
INSERT INTO COMMON.DS_DIVISIONS(districtUKey, divisionId, enDivisionName, siDivisionName, taDivisionName) VALUES(8, 30, 'Hakmana', 'හක්මන', 'ஹக்மண');
INSERT INTO COMMON.DS_DIVISIONS(districtUKey, divisionId, enDivisionName, siDivisionName, taDivisionName) VALUES(8, 33, 'Kirinda Puhulwella', 'කිරින්ද පුහුල්වැල්ල', 'கிரிந்த புஹுல்‎வெல');
INSERT INTO COMMON.DS_DIVISIONS(districtUKey, divisionId, enDivisionName, siDivisionName, taDivisionName) VALUES(8, 36, 'Thihagoda', 'තිහගොඩ', 'திஹ‎கொட');
INSERT INTO COMMON.DS_DIVISIONS(districtUKey, divisionId, enDivisionName, siDivisionName, taDivisionName) VALUES(8, 39, 'Weligama', 'වැලිගම', 'வெலிகம');
INSERT INTO COMMON.DS_DIVISIONS(districtUKey, divisionId, enDivisionName, siDivisionName, taDivisionName) VALUES(8, 42, 'Matara Four Gravets', 'මාතර', 'மாத்தறை');
INSERT INTO COMMON.DS_DIVISIONS(districtUKey, divisionId, enDivisionName, siDivisionName, taDivisionName) VALUES(8, 45, 'Devinuwara', 'දෙවිනුවර', 'தெவிநுவர');
INSERT INTO COMMON.DS_DIVISIONS(districtUKey, divisionId, enDivisionName, siDivisionName, taDivisionName) VALUES(8, 48, 'Dickwella', 'දික්වැල්ල', 'திக்‎வெல்ல');
INSERT INTO COMMON.DS_DIVISIONS(districtUKey, divisionId, enDivisionName, siDivisionName, taDivisionName) VALUES(9, 3, 'Sooriyawewa', 'සූරියවැව', 'சூரிய‎வெ‎வெ');
INSERT INTO COMMON.DS_DIVISIONS(districtUKey, divisionId, enDivisionName, siDivisionName, taDivisionName) VALUES(9, 6, 'Lunugamvehera', 'ලුණුගම්වෙහෙර', 'லுணுகம்‎வெஹற');
INSERT INTO COMMON.DS_DIVISIONS(districtUKey, divisionId, enDivisionName, siDivisionName, taDivisionName) VALUES(9, 9, 'Thissamaharama', 'තිස්සමහාරාමය', 'திஸ்ஸமஹாராம');
INSERT INTO COMMON.DS_DIVISIONS(districtUKey, divisionId, enDivisionName, siDivisionName, taDivisionName) VALUES(9, 12, 'Hambantota', 'හමිබන්තොට', 'ஹம்பந்‍தோட்டை');
INSERT INTO COMMON.DS_DIVISIONS(districtUKey, divisionId, enDivisionName, siDivisionName, taDivisionName) VALUES(9, 15, 'Ambalantota', 'අම්බලන්තොට', 'அம்பலாந்‍தோட்டை');
INSERT INTO COMMON.DS_DIVISIONS(districtUKey, divisionId, enDivisionName, siDivisionName, taDivisionName) VALUES(9, 18, 'Angunakolapelessa', 'අඟුණුකොළපැලැස්ස', 'அங்குண‎கொல‎பெ‎லெஸ்ஸ');
INSERT INTO COMMON.DS_DIVISIONS(districtUKey, divisionId, enDivisionName, siDivisionName, taDivisionName) VALUES(9, 21, 'Weeraketiya', 'වීරකැටිය', 'வீரகெட்டிய');
INSERT INTO COMMON.DS_DIVISIONS(districtUKey, divisionId, enDivisionName, siDivisionName, taDivisionName) VALUES(9, 24, 'Katuwana', 'කටුවන', 'கடுவண');
INSERT INTO COMMON.DS_DIVISIONS(districtUKey, divisionId, enDivisionName, siDivisionName, taDivisionName) VALUES(9, 27, 'Okewela', 'උක්වෙල', 'ஓ‍‍‍‍கே‎வெல');
INSERT INTO COMMON.DS_DIVISIONS(districtUKey, divisionId, enDivisionName, siDivisionName, taDivisionName) VALUES(9, 30, 'Beliatta', 'බෙලිඅත්ත', '‎பெலியத்த');
INSERT INTO COMMON.DS_DIVISIONS(districtUKey, divisionId, enDivisionName, siDivisionName, taDivisionName) VALUES(9, 33, 'Tangalle', 'තංගල්ල', 'தங்கல்லை');
INSERT INTO COMMON.DS_DIVISIONS(districtUKey, divisionId, enDivisionName, siDivisionName, taDivisionName) VALUES(10, 3, 'Island North (Kayts)', 'කයිට්ස්', 'தீவு வடக்கு (கை‍ட்ஸ்)');
INSERT INTO COMMON.DS_DIVISIONS(districtUKey, divisionId, enDivisionName, siDivisionName, taDivisionName) VALUES(10, 6, 'Valikamam West (Chankanai)', 'වලිකාමම් බටහිර', 'வலிகாமம் ‍மேற்கு (சங்கனை)');
INSERT INTO COMMON.DS_DIVISIONS(districtUKey, divisionId, enDivisionName, siDivisionName, taDivisionName) VALUES(10, 9, 'Valikamam South-West (Sandilipay)', 'වලිකාමම් නිරිත', 'வலிகாமம் ‎தென்‍மேற்கு (சந்திலிப்பாய்)');
INSERT INTO COMMON.DS_DIVISIONS(districtUKey, divisionId, enDivisionName, siDivisionName, taDivisionName) VALUES(10, 12, 'Valikamam North (Tellipallai)', 'වලිකාමම් උතුර', 'வலிகாமம் வடக்கு (‎தெல்லிப்பாலை)');
INSERT INTO COMMON.DS_DIVISIONS(districtUKey, divisionId, enDivisionName, siDivisionName, taDivisionName) VALUES(10, 15, 'Valikamam South (Uduvil)', 'වලිකාමම් දකුණ', 'வலிகாமம் தெற்கு (உடுவில்)');
INSERT INTO COMMON.DS_DIVISIONS(districtUKey, divisionId, enDivisionName, siDivisionName, taDivisionName) VALUES(10, 18, 'Valikamam East (Kopay)', 'වලිකාමම් නැගෙනහිර', 'வலிகாமம் கிழக்கு (‍கோப்பாய்)');
INSERT INTO COMMON.DS_DIVISIONS(districtUKey, divisionId, enDivisionName, siDivisionName, taDivisionName) VALUES(10, 21, 'Vadamaradchi South-West (Karaveddy)', 'වලිකාමම් නිරිත (කරවෙඩ්ඩි)', 'வடமராச்சி ‎தென்‍மேற்கு (கர‎வெட்டி)');
INSERT INTO COMMON.DS_DIVISIONS(districtUKey, divisionId, enDivisionName, siDivisionName, taDivisionName) VALUES(10, 24, 'Vadamaradchi East (Maruthnkerny)', 'වඩමාරච්චි නැගෙනහිර', 'வடமராச்சி கிழக்கு ( மருத்தங்‍கேணி)');
INSERT INTO COMMON.DS_DIVISIONS(districtUKey, divisionId, enDivisionName, siDivisionName, taDivisionName) VALUES(10, 27, 'Vadamaradchi North (Point Pedro)', 'වඩමිරච්චි උතුර', 'வடமராச்சி வடக்கு (‍பேதுருமுணை)');
INSERT INTO COMMON.DS_DIVISIONS(districtUKey, divisionId, enDivisionName, siDivisionName, taDivisionName) VALUES(10, 30, 'Thenmaradchi (Chavakachcheri)', 'තෙන්මාරච්චි', '‎தென்மராச்சி (சாவக்கச்‍சேரி)');
INSERT INTO COMMON.DS_DIVISIONS(districtUKey, divisionId, enDivisionName, siDivisionName, taDivisionName) VALUES(10, 33, 'Nallur', 'නල්ලූර්', 'நல்லூர்');
INSERT INTO COMMON.DS_DIVISIONS(districtUKey, divisionId, enDivisionName, siDivisionName, taDivisionName) VALUES(10, 36, 'Jaffna', 'යාපනය', 'யாழ்ப்பாணம்');
INSERT INTO COMMON.DS_DIVISIONS(districtUKey, divisionId, enDivisionName, siDivisionName, taDivisionName) VALUES(10, 39, 'Island South (Velanai)', 'වෙලානෙයි', 'தீவு ‎தெற்கு (‍வேலணி)');
INSERT INTO COMMON.DS_DIVISIONS(districtUKey, divisionId, enDivisionName, siDivisionName, taDivisionName) VALUES(10, 42, 'Delft', 'ඩෙල්ෆ්', '‎டெல்ப்');
INSERT INTO COMMON.DS_DIVISIONS(districtUKey, divisionId, enDivisionName, siDivisionName, taDivisionName) VALUES(11, 3, 'Mannar Town', 'මන්නාරම නගරය', 'மன்னார் நகரம்');
INSERT INTO COMMON.DS_DIVISIONS(districtUKey, divisionId, enDivisionName, siDivisionName, taDivisionName) VALUES(11, 6, 'Manthai West', 'මන්තායි බටහිර', 'மாந்தை ‍மேற்கு');
INSERT INTO COMMON.DS_DIVISIONS(districtUKey, divisionId, enDivisionName, siDivisionName, taDivisionName) VALUES(11, 9, 'Madhu', 'මඩු', 'மடு');
INSERT INTO COMMON.DS_DIVISIONS(districtUKey, divisionId, enDivisionName, siDivisionName, taDivisionName) VALUES(11, 12, 'Nanaddan', 'නානාධන්', 'நனாதன்');
INSERT INTO COMMON.DS_DIVISIONS(districtUKey, divisionId, enDivisionName, siDivisionName, taDivisionName) VALUES(11, 15, 'Musalai', 'මුසලි', 'முசலி');
INSERT INTO COMMON.DS_DIVISIONS(districtUKey, divisionId, enDivisionName, siDivisionName, taDivisionName) VALUES(12, 3, 'Vavuniya North', 'වවුනියා උතුර', 'வவுனியா வடக்கு');
INSERT INTO COMMON.DS_DIVISIONS(districtUKey, divisionId, enDivisionName, siDivisionName, taDivisionName) VALUES(12, 6, 'Vavuniya South', 'වවුනියා දකුණ', 'வவுனியா ‎தெற்கு');
INSERT INTO COMMON.DS_DIVISIONS(districtUKey, divisionId, enDivisionName, siDivisionName, taDivisionName) VALUES(12, 9, 'Vavuniya', 'වවුනියා', 'வவுனியா');
INSERT INTO COMMON.DS_DIVISIONS(districtUKey, divisionId, enDivisionName, siDivisionName, taDivisionName) VALUES(12, 12, 'Vengalacheddikulam', 'වෙන්ගලචෙඩ්ඩිකුලම්', '‎வெங்கல‎ச்செட்டிக்குளம்');
INSERT INTO COMMON.DS_DIVISIONS(districtUKey, divisionId, enDivisionName, siDivisionName, taDivisionName) VALUES(13, 3, 'Thunukkai', 'තුනුක්කායි', 'துணுக்கை');
INSERT INTO COMMON.DS_DIVISIONS(districtUKey, divisionId, enDivisionName, siDivisionName, taDivisionName) VALUES(13, 6, 'Manthai East', 'මන්තායි නැගෙනහිර', 'மாந்தை கிழக்கு');
INSERT INTO COMMON.DS_DIVISIONS(districtUKey, divisionId, enDivisionName, siDivisionName, taDivisionName) VALUES(13, 9, 'Puthukudiyiruppu', 'පුදුකුඩියිරිප්පු', 'புதுக்குடியிருப்பு');
INSERT INTO COMMON.DS_DIVISIONS(districtUKey, divisionId, enDivisionName, siDivisionName, taDivisionName) VALUES(13, 12, 'Oddusuddan', 'ඔඩ්ඩුසුදාන්', 'ஒட்டுச்சுட்டாண்');
INSERT INTO COMMON.DS_DIVISIONS(districtUKey, divisionId, enDivisionName, siDivisionName, taDivisionName) VALUES(13, 15, 'Maritimepattu', 'මැරිටයිම්පත්තු', 'மரிதி‍மேப்பட்டு');
INSERT INTO COMMON.DS_DIVISIONS(districtUKey, divisionId, enDivisionName, siDivisionName, taDivisionName) VALUES(14, 3, 'Pachchilaipalli', 'පච්චිලෙයිපල්ලෙයි', 'பச்சிலைப்பல்லி');
INSERT INTO COMMON.DS_DIVISIONS(districtUKey, divisionId, enDivisionName, siDivisionName, taDivisionName) VALUES(14, 6, 'Kandavalai', 'කන්දවලායි', 'கந்தவளை');
INSERT INTO COMMON.DS_DIVISIONS(districtUKey, divisionId, enDivisionName, siDivisionName, taDivisionName) VALUES(14, 9, 'Karachchi', 'කරච්චි', 'கரச்சி');
INSERT INTO COMMON.DS_DIVISIONS(districtUKey, divisionId, enDivisionName, siDivisionName, taDivisionName) VALUES(14, 12, 'Poonakary', 'පුනාකරි', 'பூணாகரி');
INSERT INTO COMMON.DS_DIVISIONS(districtUKey, divisionId, enDivisionName, siDivisionName, taDivisionName) VALUES(15, 3, 'Koralai Pattu North', 'කෝරලේපත්තු උතුර', '‍‍‎‍‍‍‎‍கோரலைப்பத்து வடக்கு');
INSERT INTO COMMON.DS_DIVISIONS(districtUKey, divisionId, enDivisionName, siDivisionName, taDivisionName) VALUES(15, 6, 'Koralai Pattu West (Oddamavadi)', 'කෝරලේපත්තු බටහිර', '‍‍‎‍கோரலைப்பத்து ‍மேற்கு ( ஓட்டமாவடி)');
INSERT INTO COMMON.DS_DIVISIONS(districtUKey, divisionId, enDivisionName, siDivisionName, taDivisionName) VALUES(15, 9, 'Koralai Pattu (Valachchenai)', 'කෝරලේපත්තු', '‍‍‎‍கோரலைப்பத்து (வாழச்சேனை)');
INSERT INTO COMMON.DS_DIVISIONS(districtUKey, divisionId, enDivisionName, siDivisionName, taDivisionName) VALUES(15, 12, 'Eravur Pattu', 'එරාවුර්පත්තු', 'ஏறாவூர் பட்டு');
INSERT INTO COMMON.DS_DIVISIONS(districtUKey, divisionId, enDivisionName, siDivisionName, taDivisionName) VALUES(15, 15, 'Eravur Town', 'එරාවුර් නගරය', 'ஏறாவூர் நகரம்');
INSERT INTO COMMON.DS_DIVISIONS(districtUKey, divisionId, enDivisionName, siDivisionName, taDivisionName) VALUES(15, 18, 'Manmunai North', 'මන්මුනායි උතුර', 'மண்முணை வடக்கு');
INSERT INTO COMMON.DS_DIVISIONS(districtUKey, divisionId, enDivisionName, siDivisionName, taDivisionName) VALUES(15, 21, 'Manmunai West', 'මන්මුනායි බටහිර', 'மண்முணை ‍மேற்கு');
INSERT INTO COMMON.DS_DIVISIONS(districtUKey, divisionId, enDivisionName, siDivisionName, taDivisionName) VALUES(15, 24, 'Kattankudy', 'කාත්තන්කුඩි', 'காத்தாங்குடி');
INSERT INTO COMMON.DS_DIVISIONS(districtUKey, divisionId, enDivisionName, siDivisionName, taDivisionName) VALUES(15, 27, 'Manmunai Pattu (Araipattai)', 'මන්මුනායිපත්තු', 'மண்முணை பட்டு (அரைப்பட்டை)');
INSERT INTO COMMON.DS_DIVISIONS(districtUKey, divisionId, enDivisionName, siDivisionName, taDivisionName) VALUES(15, 30, 'Manmunai South-West', 'මන්මුනායි නිරිත', 'மண்முணை ‎தென்‍மேற்கு');
INSERT INTO COMMON.DS_DIVISIONS(districtUKey, divisionId, enDivisionName, siDivisionName, taDivisionName) VALUES(15, 33, 'Porativu Pattu', 'පෝරතිවිපත්තු', '‍போரதீவு பட்டு');
INSERT INTO COMMON.DS_DIVISIONS(districtUKey, divisionId, enDivisionName, siDivisionName, taDivisionName) VALUES(15, 36, 'Manmunai South & Eruvil Pattu', 'මන්මුනෙයි දකුණ හා එරුවිල්පත්තු', 'மண்முணை ‎தெற்கு,எருவில்');
INSERT INTO COMMON.DS_DIVISIONS(districtUKey, divisionId, enDivisionName, siDivisionName, taDivisionName) VALUES(15, 39, 'Koralai Pattu South (Kiran)', 'කෝරළේපත්තු දකුණ', '‍‍‍‍‎‍கோரலைப்பத்து ‎தெற்கு (கிராண்)');
INSERT INTO COMMON.DS_DIVISIONS(districtUKey, divisionId, enDivisionName, siDivisionName, taDivisionName) VALUES(16, 3, 'Dehiattakandiya', 'දෙහිඅත්තකන්ඩිය', '‎தெஹிஅத்தக்கண்டிய');
INSERT INTO COMMON.DS_DIVISIONS(districtUKey, divisionId, enDivisionName, siDivisionName, taDivisionName) VALUES(16, 6, 'Padiyathalawa', 'පදියතලාව', 'பதியதலாவ');
INSERT INTO COMMON.DS_DIVISIONS(districtUKey, divisionId, enDivisionName, siDivisionName, taDivisionName) VALUES(16, 9, 'Mahaoya', 'මහඔය', 'மஹாஓயா');
INSERT INTO COMMON.DS_DIVISIONS(districtUKey, divisionId, enDivisionName, siDivisionName, taDivisionName) VALUES(16, 12, 'Uhana', 'උහන', 'உஹண');
INSERT INTO COMMON.DS_DIVISIONS(districtUKey, divisionId, enDivisionName, siDivisionName, taDivisionName) VALUES(16, 15, 'Ampara', 'අම්පාර', 'அம்பாறை');
INSERT INTO COMMON.DS_DIVISIONS(districtUKey, divisionId, enDivisionName, siDivisionName, taDivisionName) VALUES(16, 16, 'Navithanveli', 'නාවිතන්විලි', 'நவிதண்‎‍வேலி');
INSERT INTO COMMON.DS_DIVISIONS(districtUKey, divisionId, enDivisionName, siDivisionName, taDivisionName) VALUES(16, 18, 'Samanthurai', 'සමන්තුරෙයි', 'சம்மாந்துரை');
INSERT INTO COMMON.DS_DIVISIONS(districtUKey, divisionId, enDivisionName, siDivisionName, taDivisionName) VALUES(16, 24, 'Kalmunai', 'කල්මුනෙයි', 'கல்முனை');
INSERT INTO COMMON.DS_DIVISIONS(districtUKey, divisionId, enDivisionName, siDivisionName, taDivisionName) VALUES(16, 25, 'Sainthamarathu', 'සෙයින්තමරතු', 'சாய்ந்தமருது');
INSERT INTO COMMON.DS_DIVISIONS(districtUKey, divisionId, enDivisionName, siDivisionName, taDivisionName) VALUES(16, 27, 'Karativu', 'කරතිවු', 'காரைத்தீவு');
INSERT INTO COMMON.DS_DIVISIONS(districtUKey, divisionId, enDivisionName, siDivisionName, taDivisionName) VALUES(16, 30, 'Ninthavur', 'නිනිතවූර්', 'நிந்தவூர்');
INSERT INTO COMMON.DS_DIVISIONS(districtUKey, divisionId, enDivisionName, siDivisionName, taDivisionName) VALUES(16, 33, 'Addalachchenai', 'අඩ්ඩාලච්චේනායි', 'அட்டால‍ச்சேனை');
INSERT INTO COMMON.DS_DIVISIONS(districtUKey, divisionId, enDivisionName, siDivisionName, taDivisionName) VALUES(16, 34, 'Eragama', 'එරගම', 'எரகம');
INSERT INTO COMMON.DS_DIVISIONS(districtUKey, divisionId, enDivisionName, siDivisionName, taDivisionName) VALUES(16, 36, 'Akkaraipattu', 'අක්කරෙයිපත්තු', 'அக்கரைப்பத்து');
INSERT INTO COMMON.DS_DIVISIONS(districtUKey, divisionId, enDivisionName, siDivisionName, taDivisionName) VALUES(16, 39, 'Alayadiwembu', 'අලයඩිවෙම්බු', 'அலையடி‍வேம்பு');
INSERT INTO COMMON.DS_DIVISIONS(districtUKey, divisionId, enDivisionName, siDivisionName, taDivisionName) VALUES(16, 42, 'Damana', 'දමන', 'தமண');
INSERT INTO COMMON.DS_DIVISIONS(districtUKey, divisionId, enDivisionName, siDivisionName, taDivisionName) VALUES(16, 45, 'Thirukkovil', 'තිරුක්කෝවිල්', 'திருக்‍கோவில்');
INSERT INTO COMMON.DS_DIVISIONS(districtUKey, divisionId, enDivisionName, siDivisionName, taDivisionName) VALUES(16, 48, 'Pothuvil', 'පොතුවිල්', '‎பொத்துவில்');
INSERT INTO COMMON.DS_DIVISIONS(districtUKey, divisionId, enDivisionName, siDivisionName, taDivisionName) VALUES(16, 51, 'Lahugala', 'ලාහුගල', 'லாஹுகலை');
INSERT INTO COMMON.DS_DIVISIONS(districtUKey, divisionId, enDivisionName, siDivisionName, taDivisionName) VALUES(17, 3, 'Padavi Sri Pura', 'පදවි ශ්‍රි පුර', 'பதவி ஸ்ரீ புர');
INSERT INTO COMMON.DS_DIVISIONS(districtUKey, divisionId, enDivisionName, siDivisionName, taDivisionName) VALUES(17, 6, 'Kuchchaveli', 'කුච්චවේලි', 'குச்ச‍வேலி');
INSERT INTO COMMON.DS_DIVISIONS(districtUKey, divisionId, enDivisionName, siDivisionName, taDivisionName) VALUES(17, 9, 'Gomarankadawala', 'ගෝමරන්කඩවල', '‍கோமரங்கடவல');
INSERT INTO COMMON.DS_DIVISIONS(districtUKey, divisionId, enDivisionName, siDivisionName, taDivisionName) VALUES(17, 12, 'Morawewa', 'මොරවැව', '‎மொற‎வெவ');
INSERT INTO COMMON.DS_DIVISIONS(districtUKey, divisionId, enDivisionName, siDivisionName, taDivisionName) VALUES(17, 15, 'Trincomalee Town and Gravets', 'ත්‍රිකුණාමලය නගරය හා කඩවත්', 'திரு‍கோணமலை நகரம்');
INSERT INTO COMMON.DS_DIVISIONS(districtUKey, divisionId, enDivisionName, siDivisionName, taDivisionName) VALUES(17, 18, 'Thambalagamuwa', 'තඔලගමුව', 'தம்பலகமுவ');
INSERT INTO COMMON.DS_DIVISIONS(districtUKey, divisionId, enDivisionName, siDivisionName, taDivisionName) VALUES(17, 21, 'Kantalai', 'කන්තලේ', 'கந்தளாய்');
INSERT INTO COMMON.DS_DIVISIONS(districtUKey, divisionId, enDivisionName, siDivisionName, taDivisionName) VALUES(17, 24, 'Kinniya', 'කින්නියා', 'கின்னியா');
INSERT INTO COMMON.DS_DIVISIONS(districtUKey, divisionId, enDivisionName, siDivisionName, taDivisionName) VALUES(17, 27, 'Muttur', 'මුත්තූර්', 'மூதூர்');
INSERT INTO COMMON.DS_DIVISIONS(districtUKey, divisionId, enDivisionName, siDivisionName, taDivisionName) VALUES(17, 30, 'Seruvila', 'සේරුවිල', '‍சேருவில்');
INSERT INTO COMMON.DS_DIVISIONS(districtUKey, divisionId, enDivisionName, siDivisionName, taDivisionName) VALUES(17, 33, 'Verugal (Echchilampattai)', 'වෙරුගල්/ඉච්චලම්පත්තු', '‎வெருகல் (இச்சிழம்பத்து)');
INSERT INTO COMMON.DS_DIVISIONS(districtUKey, divisionId, enDivisionName, siDivisionName, taDivisionName) VALUES(18, 3, 'Giribawa', 'ගිරිබාව', 'கிரிபாவ');
INSERT INTO COMMON.DS_DIVISIONS(districtUKey, divisionId, enDivisionName, siDivisionName, taDivisionName) VALUES(18, 6, 'Galgamuwa', 'ගල්ගමුව', 'கல்கமுவ');
INSERT INTO COMMON.DS_DIVISIONS(districtUKey, divisionId, enDivisionName, siDivisionName, taDivisionName) VALUES(18, 9, 'Ehetuwewa', 'ඇහැටුවැව', 'எ‎‎ஹெடு‎வெவ');
INSERT INTO COMMON.DS_DIVISIONS(districtUKey, divisionId, enDivisionName, siDivisionName, taDivisionName) VALUES(18, 12, 'Ambanpola', 'අඹන්පොළ', 'அம்பண்‎பொல');
INSERT INTO COMMON.DS_DIVISIONS(districtUKey, divisionId, enDivisionName, siDivisionName, taDivisionName) VALUES(18, 15, 'Kotavehera', 'කොටවෙහෙර', 'கொடவெஹெர');
INSERT INTO COMMON.DS_DIVISIONS(districtUKey, divisionId, enDivisionName, siDivisionName, taDivisionName) VALUES(18, 18, 'Rasnayakapura', 'රස්නායකපුර', 'ரஸ்நாயக்கபுர');
INSERT INTO COMMON.DS_DIVISIONS(districtUKey, divisionId, enDivisionName, siDivisionName, taDivisionName) VALUES(18, 21, 'Nikaweratiya', 'නිකවෙරටිය', 'நிக்க‎வெரட்டிய');
INSERT INTO COMMON.DS_DIVISIONS(districtUKey, divisionId, enDivisionName, siDivisionName, taDivisionName) VALUES(18, 24, 'Mahawa', 'මහව', 'மஹவ');
INSERT INTO COMMON.DS_DIVISIONS(districtUKey, divisionId, enDivisionName, siDivisionName, taDivisionName) VALUES(18, 27, 'Polpithigama', 'පොල්පිතිගම', 'பொல்பிதிகம');
INSERT INTO COMMON.DS_DIVISIONS(districtUKey, divisionId, enDivisionName, siDivisionName, taDivisionName) VALUES(18, 30, 'Ibbagamuwa', 'ඉබ්බාගමුව', 'இப்பாகமுவ');
INSERT INTO COMMON.DS_DIVISIONS(districtUKey, divisionId, enDivisionName, siDivisionName, taDivisionName) VALUES(18, 33, 'Ganewatta', 'ගනේවත්ත', 'க‍னேவத்த');
INSERT INTO COMMON.DS_DIVISIONS(districtUKey, divisionId, enDivisionName, siDivisionName, taDivisionName) VALUES(18, 36, 'Wariyapola', 'වාරියපොල', 'வாரிய‎பொல');
INSERT INTO COMMON.DS_DIVISIONS(districtUKey, divisionId, enDivisionName, siDivisionName, taDivisionName) VALUES(18, 39, 'Kobeigane', 'කොබෙයිගනේ', 'கொபெய்கனே');
INSERT INTO COMMON.DS_DIVISIONS(districtUKey, divisionId, enDivisionName, siDivisionName, taDivisionName) VALUES(18, 42, 'Bingiriya', 'බිංගිරිය', 'பிங்கிரிய');
INSERT INTO COMMON.DS_DIVISIONS(districtUKey, divisionId, enDivisionName, siDivisionName, taDivisionName) VALUES(18, 45, 'Panduwasnuwara', 'පඩුවස්නුවර', 'பண்டுவஸ்நுவர');
INSERT INTO COMMON.DS_DIVISIONS(districtUKey, divisionId, enDivisionName, siDivisionName, taDivisionName) VALUES(18, 48, 'Katupotha', 'කටුපොත', 'கடு‎பொத');
INSERT INTO COMMON.DS_DIVISIONS(districtUKey, divisionId, enDivisionName, siDivisionName, taDivisionName) VALUES(18, 49, 'Bamunakotuwa', 'බමුණාකොටුව', 'பமுண‎கொட்டுவ');
INSERT INTO COMMON.DS_DIVISIONS(districtUKey, divisionId, enDivisionName, siDivisionName, taDivisionName) VALUES(18, 51, 'Maspotha', 'මාස්පොත', 'மஸ்‎பொத');
INSERT INTO COMMON.DS_DIVISIONS(districtUKey, divisionId, enDivisionName, siDivisionName, taDivisionName) VALUES(18, 54, 'Kurunegala', 'කුරුණෑගල', 'குருணாக‍லை');
INSERT INTO COMMON.DS_DIVISIONS(districtUKey, divisionId, enDivisionName, siDivisionName, taDivisionName) VALUES(18, 57, 'Mallawapitiya', 'මල්ලවපිටිය', 'மல்லவபிட்டிய');
INSERT INTO COMMON.DS_DIVISIONS(districtUKey, divisionId, enDivisionName, siDivisionName, taDivisionName) VALUES(18, 60, 'Mawathagama', 'මාවතගම', 'மாவத்தகம');
INSERT INTO COMMON.DS_DIVISIONS(districtUKey, divisionId, enDivisionName, siDivisionName, taDivisionName) VALUES(18, 63, 'Rideegama', 'රිදීගම', 'ரிதீகம');
INSERT INTO COMMON.DS_DIVISIONS(districtUKey, divisionId, enDivisionName, siDivisionName, taDivisionName) VALUES(18, 66, 'Weerambugedara', 'වීරඹුගෙදර', 'வீரம்பு‎கெதர');
INSERT INTO COMMON.DS_DIVISIONS(districtUKey, divisionId, enDivisionName, siDivisionName, taDivisionName) VALUES(18, 69, 'Kuliyapitiya East', 'කුළියාපිටිය නැගෙනහිර', 'குளியாபிட்டிய கிழக்கு');
INSERT INTO COMMON.DS_DIVISIONS(districtUKey, divisionId, enDivisionName, siDivisionName, taDivisionName) VALUES(18, 72, 'Kuliyapitiya West', 'කුළියාපිටිය බටහිර', 'குளியாபிட்டிய ‍மேற்கு');
INSERT INTO COMMON.DS_DIVISIONS(districtUKey, divisionId, enDivisionName, siDivisionName, taDivisionName) VALUES(18, 75, 'Udubaddawa', 'උඩුබද්දාව', 'உடுபத்தாவ');
INSERT INTO COMMON.DS_DIVISIONS(districtUKey, divisionId, enDivisionName, siDivisionName, taDivisionName) VALUES(18, 78, 'Pannala', 'පන්නල', 'பன்னல');
INSERT INTO COMMON.DS_DIVISIONS(districtUKey, divisionId, enDivisionName, siDivisionName, taDivisionName) VALUES(18, 81, 'Narammala', 'නාරම්මල', 'நாரம்மல');
INSERT INTO COMMON.DS_DIVISIONS(districtUKey, divisionId, enDivisionName, siDivisionName, taDivisionName) VALUES(18, 84, 'Alawwa', 'අලව්ව', 'அலவ்வ');
INSERT INTO COMMON.DS_DIVISIONS(districtUKey, divisionId, enDivisionName, siDivisionName, taDivisionName) VALUES(18, 87, 'Polgahawela', 'පොල්ගහවෙල', 'பொல்கஹவெல');
INSERT INTO COMMON.DS_DIVISIONS(districtUKey, divisionId, enDivisionName, siDivisionName, taDivisionName) VALUES(19, 3, 'Kalpitiya', 'කල්පිටිය', 'கல்பிடிய');
INSERT INTO COMMON.DS_DIVISIONS(districtUKey, divisionId, enDivisionName, siDivisionName, taDivisionName) VALUES(19, 6, 'Vanathavilluwa', 'වනාතවිල්ලුව', 'வனாத்தவில்லுவ');
INSERT INTO COMMON.DS_DIVISIONS(districtUKey, divisionId, enDivisionName, siDivisionName, taDivisionName) VALUES(19, 9, 'Karuwalagaswewa', 'කරුවලගස්වැව', 'கருவலகஸ்‎வெவ');
INSERT INTO COMMON.DS_DIVISIONS(districtUKey, divisionId, enDivisionName, siDivisionName, taDivisionName) VALUES(19, 12, 'Nawagattegama', 'නවගත්තේගම', 'நவகத்‍தேகம');
INSERT INTO COMMON.DS_DIVISIONS(districtUKey, divisionId, enDivisionName, siDivisionName, taDivisionName) VALUES(19, 15, 'Puttalam', 'පුත්තලම', 'புத்தளம்');
INSERT INTO COMMON.DS_DIVISIONS(districtUKey, divisionId, enDivisionName, siDivisionName, taDivisionName) VALUES(19, 18, 'Mundalama', 'මුන්දලම', 'முந்தலம்');
INSERT INTO COMMON.DS_DIVISIONS(districtUKey, divisionId, enDivisionName, siDivisionName, taDivisionName) VALUES(19, 21, 'Mahakumbukkadawala', 'මහකුඹුක්කඩවල', 'மஹகும்புக்கடவல');
INSERT INTO COMMON.DS_DIVISIONS(districtUKey, divisionId, enDivisionName, siDivisionName, taDivisionName) VALUES(19, 24, 'Anamaduwa', 'ආනමඩුව', 'ஆணமடுவ');
INSERT INTO COMMON.DS_DIVISIONS(districtUKey, divisionId, enDivisionName, siDivisionName, taDivisionName) VALUES(19, 27, 'Pallama', 'පල්ලම', 'பல்லம');
INSERT INTO COMMON.DS_DIVISIONS(districtUKey, divisionId, enDivisionName, siDivisionName, taDivisionName) VALUES(19, 30, 'Arachchikattuwa', 'ආරච්චිකට්ටුව', 'ஆரச்சிகட்டுவ');
INSERT INTO COMMON.DS_DIVISIONS(districtUKey, divisionId, enDivisionName, siDivisionName, taDivisionName) VALUES(19, 33, 'Chilaw', 'හලාවත', 'சிலாபம்');
INSERT INTO COMMON.DS_DIVISIONS(districtUKey, divisionId, enDivisionName, siDivisionName, taDivisionName) VALUES(19, 36, 'Madampe', 'මාදම්පෙ', 'மாதம்‍பே');
INSERT INTO COMMON.DS_DIVISIONS(districtUKey, divisionId, enDivisionName, siDivisionName, taDivisionName) VALUES(19, 39, 'Mahawewa', 'මහවැව', 'மஹா‎வெவ');
INSERT INTO COMMON.DS_DIVISIONS(districtUKey, divisionId, enDivisionName, siDivisionName, taDivisionName) VALUES(19, 42, 'Nattandiya', 'නාත්තන්ඩිය', 'நாத்தண்டிய');
INSERT INTO COMMON.DS_DIVISIONS(districtUKey, divisionId, enDivisionName, siDivisionName, taDivisionName) VALUES(19, 45, 'Wennappuwa', 'වෙන්නප්පුව', 'வெண்ணப்புவ');
INSERT INTO COMMON.DS_DIVISIONS(districtUKey, divisionId, enDivisionName, siDivisionName, taDivisionName) VALUES(19, 48, 'Dankotuwa', 'දංකොටුව', 'தங்‎‎கொட்டுவ');
INSERT INTO COMMON.DS_DIVISIONS(districtUKey, divisionId, enDivisionName, siDivisionName, taDivisionName) VALUES(20, 3, 'Padaviya', 'පදවිය', 'பதவிய');
INSERT INTO COMMON.DS_DIVISIONS(districtUKey, divisionId, enDivisionName, siDivisionName, taDivisionName) VALUES(20, 6, 'Kebithigollewa', 'තැබිතිගොල්ලෑව', '‎‎கெபித்தி‎கொல்‍லேவ');
INSERT INTO COMMON.DS_DIVISIONS(districtUKey, divisionId, enDivisionName, siDivisionName, taDivisionName) VALUES(20, 9, 'Medawachchiya', 'මැදවච්චිය', '‎மெதவச்சிய');
INSERT INTO COMMON.DS_DIVISIONS(districtUKey, divisionId, enDivisionName, siDivisionName, taDivisionName) VALUES(20, 12, 'Mahavilachchiya', 'මහවිලච්චිය', 'மஹவிலச்சிய');
INSERT INTO COMMON.DS_DIVISIONS(districtUKey, divisionId, enDivisionName, siDivisionName, taDivisionName) VALUES(20, 15, 'Nuwaragam Palatha Central', 'නුවරගම් පළාත මධ්‍යම', 'மத்திய நுவரகம் பலாத்த');
INSERT INTO COMMON.DS_DIVISIONS(districtUKey, divisionId, enDivisionName, siDivisionName, taDivisionName) VALUES(20, 18, 'Rambewa', 'රඹෑව', 'ரம்பேவ');
INSERT INTO COMMON.DS_DIVISIONS(districtUKey, divisionId, enDivisionName, siDivisionName, taDivisionName) VALUES(20, 21, 'Kahatagasdigiliya', 'කහටගස්දිගිලිය', 'கஹட்டகஸ்திகிலிய');
INSERT INTO COMMON.DS_DIVISIONS(districtUKey, divisionId, enDivisionName, siDivisionName, taDivisionName) VALUES(20, 24, 'Horowpothana', 'හොරොව්පතාන', '‎ஹொ‎றொவ்பதாண');
INSERT INTO COMMON.DS_DIVISIONS(districtUKey, divisionId, enDivisionName, siDivisionName, taDivisionName) VALUES(20, 27, 'Galenbindunuwewa', 'ගලෙන්බිදුනුවැව', 'க‎லெண்பிந்துணு‎வெவ');
INSERT INTO COMMON.DS_DIVISIONS(districtUKey, divisionId, enDivisionName, siDivisionName, taDivisionName) VALUES(20, 30, 'Mihinthale', 'මිහින්තලේ', 'மிஹிந்த‍லை');
INSERT INTO COMMON.DS_DIVISIONS(districtUKey, divisionId, enDivisionName, siDivisionName, taDivisionName) VALUES(20, 33, 'Nuwaragam Palatha East', 'නුවරගම් පළාත නැගෙනහිර', 'கிழக்கு நுவரகம் பலாத்த');
INSERT INTO COMMON.DS_DIVISIONS(districtUKey, divisionId, enDivisionName, siDivisionName, taDivisionName) VALUES(20, 36, 'Nachchadoowa', 'නාච්චදුව', 'நாச்சதூ‍வை');
INSERT INTO COMMON.DS_DIVISIONS(districtUKey, divisionId, enDivisionName, siDivisionName, taDivisionName) VALUES(20, 39, 'Nochchiyagama', 'නොච්චියාගම', '‎நொச்சியாகம');
INSERT INTO COMMON.DS_DIVISIONS(districtUKey, divisionId, enDivisionName, siDivisionName, taDivisionName) VALUES(20, 42, 'Rajanganaya', 'රාජාංගනය', 'இராஜ்ஜாங்கணய');
INSERT INTO COMMON.DS_DIVISIONS(districtUKey, divisionId, enDivisionName, siDivisionName, taDivisionName) VALUES(20, 45, 'Thambuttegama', 'තඹුත්තෙගම', 'தம்புத்‍தேகம');
INSERT INTO COMMON.DS_DIVISIONS(districtUKey, divisionId, enDivisionName, siDivisionName, taDivisionName) VALUES(20, 48, 'Thalawa', 'තලාව', 'தலாவ');
INSERT INTO COMMON.DS_DIVISIONS(districtUKey, divisionId, enDivisionName, siDivisionName, taDivisionName) VALUES(20, 51, 'Thirappane', 'තිරිප්පනේ', 'திரப்ப‍ணே');
INSERT INTO COMMON.DS_DIVISIONS(districtUKey, divisionId, enDivisionName, siDivisionName, taDivisionName) VALUES(20, 54, 'Kekirawa', 'කැකිරාව', '‎கெகிராவ');
INSERT INTO COMMON.DS_DIVISIONS(districtUKey, divisionId, enDivisionName, siDivisionName, taDivisionName) VALUES(20, 57, 'Palugaswewa', 'පලුගස්වැව', 'பலுகஸ்‎வெவ');
INSERT INTO COMMON.DS_DIVISIONS(districtUKey, divisionId, enDivisionName, siDivisionName, taDivisionName) VALUES(20, 60, 'Ipalogama', 'ඉපලෝගම', 'இப‍லோகம');
INSERT INTO COMMON.DS_DIVISIONS(districtUKey, divisionId, enDivisionName, siDivisionName, taDivisionName) VALUES(20, 63, 'Galnewa', 'ගල්නෑව', 'கல்‍ணேவ');
INSERT INTO COMMON.DS_DIVISIONS(districtUKey, divisionId, enDivisionName, siDivisionName, taDivisionName) VALUES(20, 66, 'Palagala', 'පලාගල', 'பலாகல');
INSERT INTO COMMON.DS_DIVISIONS(districtUKey, divisionId, enDivisionName, siDivisionName, taDivisionName) VALUES(20, 69, 'Welioya', 'වැලිඔය', '‎வெலிஓய');
INSERT INTO COMMON.DS_DIVISIONS(districtUKey, divisionId, enDivisionName, siDivisionName, taDivisionName) VALUES(21, 3, 'Hingurakgoda', 'හිඟුරක්ගොඩ', 'ஹிங்குரக்‎கொடை‍');
INSERT INTO COMMON.DS_DIVISIONS(districtUKey, divisionId, enDivisionName, siDivisionName, taDivisionName) VALUES(21, 6, 'Medirigiriya', 'මැදිරිගිරිය', '‎மெதிரிகிரிய');
INSERT INTO COMMON.DS_DIVISIONS(districtUKey, divisionId, enDivisionName, siDivisionName, taDivisionName) VALUES(21, 9, 'Lankapura', 'ලංකාපුර', 'லங்காபுர');
INSERT INTO COMMON.DS_DIVISIONS(districtUKey, divisionId, enDivisionName, siDivisionName, taDivisionName) VALUES(21, 10, 'Welikanda', 'වැලිකන්ද', '‎வெலிகந்த');
INSERT INTO COMMON.DS_DIVISIONS(districtUKey, divisionId, enDivisionName, siDivisionName, taDivisionName) VALUES(21, 12, 'Dimbulagala', 'දිඹුලාගල', 'திம்புலாகல');
INSERT INTO COMMON.DS_DIVISIONS(districtUKey, divisionId, enDivisionName, siDivisionName, taDivisionName) VALUES(21, 15, 'Thamankaduwa', 'තමන්කඩුව', 'தமண்கடுவ');
INSERT INTO COMMON.DS_DIVISIONS(districtUKey, divisionId, enDivisionName, siDivisionName, taDivisionName) VALUES(21, 18, 'Elahera', 'ඇලහැර', 'எல‎ஹெற');
INSERT INTO COMMON.DS_DIVISIONS(districtUKey, divisionId, enDivisionName, siDivisionName, taDivisionName) VALUES(22, 3, 'Mahiyanganaya', 'මහියංගනය', 'மஹியங்க‍ணை');
INSERT INTO COMMON.DS_DIVISIONS(districtUKey, divisionId, enDivisionName, siDivisionName, taDivisionName) VALUES(22, 6, 'Rideemaliyadda', 'රිදීමාලියද්ද', 'ரிதீமாலியத்த');
INSERT INTO COMMON.DS_DIVISIONS(districtUKey, divisionId, enDivisionName, siDivisionName, taDivisionName) VALUES(22, 9, 'Meegahakivula', 'මීගහකිවුල', 'மீகஹகிவுல');
INSERT INTO COMMON.DS_DIVISIONS(districtUKey, divisionId, enDivisionName, siDivisionName, taDivisionName) VALUES(22, 12, 'Kandaketiya', 'කන්දකැටිය', 'கந்த‎கெட்டிய');
INSERT INTO COMMON.DS_DIVISIONS(districtUKey, divisionId, enDivisionName, siDivisionName, taDivisionName) VALUES(22, 15, 'Soranathota', 'සොරණතොට', '‎சொறண‎தொட');
INSERT INTO COMMON.DS_DIVISIONS(districtUKey, divisionId, enDivisionName, siDivisionName, taDivisionName) VALUES(22, 18, 'Passara', 'පස්සර', 'பச‍ரை');
INSERT INTO COMMON.DS_DIVISIONS(districtUKey, divisionId, enDivisionName, siDivisionName, taDivisionName) VALUES(22, 19, 'Lunugala', 'ලුණුගල', 'லுணுக‍லை');
INSERT INTO COMMON.DS_DIVISIONS(districtUKey, divisionId, enDivisionName, siDivisionName, taDivisionName) VALUES(22, 21, 'Badulla', 'බදුල්ල', 'பதுளை');
INSERT INTO COMMON.DS_DIVISIONS(districtUKey, divisionId, enDivisionName, siDivisionName, taDivisionName) VALUES(22, 24, 'Hali-Ela', 'හාලිඇල', 'ஹாலி-எல');
INSERT INTO COMMON.DS_DIVISIONS(districtUKey, divisionId, enDivisionName, siDivisionName, taDivisionName) VALUES(22, 27, 'Uva-Paranagama', 'ඌව-පරණගම', 'ஊவா-பரணகம');
INSERT INTO COMMON.DS_DIVISIONS(districtUKey, divisionId, enDivisionName, siDivisionName, taDivisionName) VALUES(22, 30, 'Welimada', 'වැලිමඩ', '‎வெலிம‍டை');
INSERT INTO COMMON.DS_DIVISIONS(districtUKey, divisionId, enDivisionName, siDivisionName, taDivisionName) VALUES(22, 33, 'Bandarawela', 'බණ්ඩාරවෙල', 'பண்டாரவளை');
INSERT INTO COMMON.DS_DIVISIONS(districtUKey, divisionId, enDivisionName, siDivisionName, taDivisionName) VALUES(22, 36, 'Ella', 'ඇල්ල', 'எல்ல');
INSERT INTO COMMON.DS_DIVISIONS(districtUKey, divisionId, enDivisionName, siDivisionName, taDivisionName) VALUES(22, 39, 'Haputale', 'හපුතලේ', 'ஹபுத‍லே');
INSERT INTO COMMON.DS_DIVISIONS(districtUKey, divisionId, enDivisionName, siDivisionName, taDivisionName) VALUES(22, 42, 'Haldummulla', 'හල්දුම්මුල්ල', 'ஹல்துமுள்ள');
INSERT INTO COMMON.DS_DIVISIONS(districtUKey, divisionId, enDivisionName, siDivisionName, taDivisionName) VALUES(23, 3, 'Bibile', 'බිබිලේ', 'பிபிலை');
INSERT INTO COMMON.DS_DIVISIONS(districtUKey, divisionId, enDivisionName, siDivisionName, taDivisionName) VALUES(23, 6, 'Madulla', 'මඩුල්ල', 'மதுள்‍ள');
INSERT INTO COMMON.DS_DIVISIONS(districtUKey, divisionId, enDivisionName, siDivisionName, taDivisionName) VALUES(23, 9, 'Medagama', 'මැදගම', '‎மெதகம');
INSERT INTO COMMON.DS_DIVISIONS(districtUKey, divisionId, enDivisionName, siDivisionName, taDivisionName) VALUES(23, 12, 'Siyambalanduwa', 'සියඹලාන්ඩුව', 'சியம்பலாண்டுவ');
INSERT INTO COMMON.DS_DIVISIONS(districtUKey, divisionId, enDivisionName, siDivisionName, taDivisionName) VALUES(23, 15, 'Moneragala', 'මොනරාගල', '‎மொணராகலை');
INSERT INTO COMMON.DS_DIVISIONS(districtUKey, divisionId, enDivisionName, siDivisionName, taDivisionName) VALUES(23, 18, 'Badalkumbura', 'බඩැල්කුඹුර', 'படல்கும்புர');
INSERT INTO COMMON.DS_DIVISIONS(districtUKey, divisionId, enDivisionName, siDivisionName, taDivisionName) VALUES(23, 21, 'Wellawaya', 'වැල්ලවාය', '‎வெல்லவாய');
INSERT INTO COMMON.DS_DIVISIONS(districtUKey, divisionId, enDivisionName, siDivisionName, taDivisionName) VALUES(23, 24, 'Buttala', 'බුත්තල', 'புத்தலை');
INSERT INTO COMMON.DS_DIVISIONS(districtUKey, divisionId, enDivisionName, siDivisionName, taDivisionName) VALUES(23, 27, 'Katharagama', 'කතරගම', 'கதிர்காமம்');
INSERT INTO COMMON.DS_DIVISIONS(districtUKey, divisionId, enDivisionName, siDivisionName, taDivisionName) VALUES(23, 30, 'Thanamalvila', 'තනමල්විල', 'தணமல்வில');
INSERT INTO COMMON.DS_DIVISIONS(districtUKey, divisionId, enDivisionName, siDivisionName, taDivisionName) VALUES(23, 33, 'Sevanagala', 'සෙවනගල', '‎செவணகல');
INSERT INTO COMMON.DS_DIVISIONS(districtUKey, divisionId, enDivisionName, siDivisionName, taDivisionName) VALUES(24, 3, 'Eheliyagoda', 'ඇහැලියගොඩ', 'எஹலிய‎‎கெடை');
INSERT INTO COMMON.DS_DIVISIONS(districtUKey, divisionId, enDivisionName, siDivisionName, taDivisionName) VALUES(24, 6, 'Kuruvita', 'කුරුවිට', 'குருவிட');
INSERT INTO COMMON.DS_DIVISIONS(districtUKey, divisionId, enDivisionName, siDivisionName, taDivisionName) VALUES(24, 9, 'Kiriella', 'කිරිඇල්ල', 'கிரிஎல்ல');
INSERT INTO COMMON.DS_DIVISIONS(districtUKey, divisionId, enDivisionName, siDivisionName, taDivisionName) VALUES(24, 12, 'Ratnapura', 'රත්නපුර', 'இரத்திணபுரி');
INSERT INTO COMMON.DS_DIVISIONS(districtUKey, divisionId, enDivisionName, siDivisionName, taDivisionName) VALUES(24, 15, 'Imbulpe', 'ඉඹුල්පෙ', 'இம்புல்‍பே');
INSERT INTO COMMON.DS_DIVISIONS(districtUKey, divisionId, enDivisionName, siDivisionName, taDivisionName) VALUES(24, 18, 'Balangoda', 'බලන්ගොඩ', 'பலாங்‎கொடை');
INSERT INTO COMMON.DS_DIVISIONS(districtUKey, divisionId, enDivisionName, siDivisionName, taDivisionName) VALUES(24, 21, 'Opanayaka', 'ඕපනායක', 'ஓபணாயக்க');
INSERT INTO COMMON.DS_DIVISIONS(districtUKey, divisionId, enDivisionName, siDivisionName, taDivisionName) VALUES(24, 24, 'Pelmadulla', 'පැල්මඩුල්ල', '‎பெல்மடுல்ல');
INSERT INTO COMMON.DS_DIVISIONS(districtUKey, divisionId, enDivisionName, siDivisionName, taDivisionName) VALUES(24, 27, 'Elapatha', 'ඇලපාත', 'எலபாத');
INSERT INTO COMMON.DS_DIVISIONS(districtUKey, divisionId, enDivisionName, siDivisionName, taDivisionName) VALUES(24, 30, 'Ayagama', 'අයගම', 'அயகம');
INSERT INTO COMMON.DS_DIVISIONS(districtUKey, divisionId, enDivisionName, siDivisionName, taDivisionName) VALUES(24, 33, 'Kalawana', 'කලවාන', 'கலவான');
INSERT INTO COMMON.DS_DIVISIONS(districtUKey, divisionId, enDivisionName, siDivisionName, taDivisionName) VALUES(24, 36, 'Nivithigala', 'නිවිතිගල', 'நிவித்திகல');
INSERT INTO COMMON.DS_DIVISIONS(districtUKey, divisionId, enDivisionName, siDivisionName, taDivisionName) VALUES(24, 39, 'Kahawatta', 'කහවත්ත', 'கஹவத்த');
INSERT INTO COMMON.DS_DIVISIONS(districtUKey, divisionId, enDivisionName, siDivisionName, taDivisionName) VALUES(24, 42, 'Godakawela', 'ගොඩකවෙල', '‎கொடக‎வெல');
INSERT INTO COMMON.DS_DIVISIONS(districtUKey, divisionId, enDivisionName, siDivisionName, taDivisionName) VALUES(24, 45, 'Weligepola', 'වැලිගෙපොල', '‎வெலி‍‍கே‎பொல');
INSERT INTO COMMON.DS_DIVISIONS(districtUKey, divisionId, enDivisionName, siDivisionName, taDivisionName) VALUES(24, 48, 'Embilipitiya', 'ඇඹිලිපිටිය', 'எம்பிலிபிட்டிய');
INSERT INTO COMMON.DS_DIVISIONS(districtUKey, divisionId, enDivisionName, siDivisionName, taDivisionName) VALUES(24, 51, 'Kolonna', 'කොලොන්න', '‎கொ‎லொண்ண');
INSERT INTO COMMON.DS_DIVISIONS(districtUKey, divisionId, enDivisionName, siDivisionName, taDivisionName) VALUES(25, 3, 'Rambukkana', 'රඹුක්කන', 'ரம்புக்கணை');
INSERT INTO COMMON.DS_DIVISIONS(districtUKey, divisionId, enDivisionName, siDivisionName, taDivisionName) VALUES(25, 6, 'Mawanella', 'මාවනැල්ල', 'மாவ‎ணெல்ல');
INSERT INTO COMMON.DS_DIVISIONS(districtUKey, divisionId, enDivisionName, siDivisionName, taDivisionName) VALUES(25, 9, 'Aranayaka', 'අරනායක', 'அரநாயக்க');
INSERT INTO COMMON.DS_DIVISIONS(districtUKey, divisionId, enDivisionName, siDivisionName, taDivisionName) VALUES(25, 12, 'Kegalle', 'කෑගල්ල', '‍கேகாலை');
INSERT INTO COMMON.DS_DIVISIONS(districtUKey, divisionId, enDivisionName, siDivisionName, taDivisionName) VALUES(25, 15, 'Galigamuwa', 'ගලිගමුව', 'கலிகமுவ');
INSERT INTO COMMON.DS_DIVISIONS(districtUKey, divisionId, enDivisionName, siDivisionName, taDivisionName) VALUES(25, 18, 'Warakapola', 'වරකාපොළ', 'வரகாப்‎பொல');
INSERT INTO COMMON.DS_DIVISIONS(districtUKey, divisionId, enDivisionName, siDivisionName, taDivisionName) VALUES(25, 21, 'Ruwanwella', 'රුවන්වැල්ල', 'ருவண்‎வெல்ல');
INSERT INTO COMMON.DS_DIVISIONS(districtUKey, divisionId, enDivisionName, siDivisionName, taDivisionName) VALUES(25, 24, 'Bulathkohupitiya', 'බුලත්කොහුපිටිය', 'புலத்‎கொஹுபிட்டிய');
INSERT INTO COMMON.DS_DIVISIONS(districtUKey, divisionId, enDivisionName, siDivisionName, taDivisionName) VALUES(25, 27, 'Yatiyanthota', 'යටියන්තොට', 'யட்டியந்‎தொட்டை');
INSERT INTO COMMON.DS_DIVISIONS(districtUKey, divisionId, enDivisionName, siDivisionName, taDivisionName) VALUES(25, 30, 'Dehiovita', 'දෙහිඹ්විට', '‎தெஹி‍யோவிட்ட');
INSERT INTO COMMON.DS_DIVISIONS(districtUKey, divisionId, enDivisionName, siDivisionName, taDivisionName) VALUES(25, 33, 'Deraniyagala', 'දැරණියගල', '‎தெரணியகல');

-- Birth Death Declaration Divisions
INSERT INTO CRS.BD_DIVISIONS (DSDIVISIONUKEY, DIVISIONID, SIDIVISIONNAME, ENDIVISIONNAME, TADIVISIONNAME) VALUES(1, 1, 'කොළඹ කොටුව (Medical)', 'Colombo Fort (Medical)', 'கொலோம்போ போர');
INSERT INTO CRS.BD_DIVISIONS (DSDIVISIONUKEY, DIVISIONID, SIDIVISIONNAME, ENDIVISIONNAME, TADIVISIONNAME) VALUES(1, 2, 'කොම්පන්න වීදීය (Medical)', 'Slave Island (Medical)', 'ச்லவே இச்லாந்து');
INSERT INTO CRS.BD_DIVISIONS (DSDIVISIONUKEY, DIVISIONID, SIDIVISIONNAME, ENDIVISIONNAME, TADIVISIONNAME) VALUES(1, 3, 'අලුත් කඩේ (Medical)', 'New Bazzar (Medical)', 'அழுத் கடி');
INSERT INTO CRS.BD_DIVISIONS (DSDIVISIONUKEY, DIVISIONID, SIDIVISIONNAME, ENDIVISIONNAME, TADIVISIONNAME) VALUES(2, 8, 'කොලොන්නාව (Medical)', 'Kolonnawa (Medical)', 'கொலோம்போ போர்ட');
INSERT INTO CRS.BD_DIVISIONS (DSDIVISIONUKEY, DIVISIONID, SIDIVISIONNAME, ENDIVISIONNAME, TADIVISIONNAME) VALUES(2, 9, 'අම්බතලෙන් පහල', 'Ambathalen Pahala', 'ச்லவே இச்லாந்து');
INSERT INTO CRS.BD_DIVISIONS (DSDIVISIONUKEY, DIVISIONID, SIDIVISIONNAME, ENDIVISIONNAME, TADIVISIONNAME) VALUES(2, 10, 'අංගොඩ', 'Angoda', 'அழுத் கடி (MEDICAL)');
INSERT INTO CRS.BD_DIVISIONS (DSDIVISIONUKEY, DIVISIONID, SIDIVISIONNAME, ENDIVISIONNAME, TADIVISIONNAME) VALUES(3, 12, 'රණාල  / නවගමුව', 'Ranala / Nawagamuwa', 'கொலோம்போ போர்');
INSERT INTO CRS.BD_DIVISIONS (DSDIVISIONUKEY, DIVISIONID, SIDIVISIONNAME, ENDIVISIONNAME, TADIVISIONNAME) VALUES(3, 13, 'බත්තරමුල්ල', 'Battaramulla', 'ச்லவே இச்லாந்து');

INSERT INTO CRS.BD_DIVISIONS (DSDIVISIONUKEY, DIVISIONID, SIDIVISIONNAME, ENDIVISIONNAME, TADIVISIONNAME) VALUES(14, 1, 'මීගමුව රෝහල(Medical)', 'Negombo Hospital (Medical)', 'கொலோம்போ போர்ட');
INSERT INTO CRS.BD_DIVISIONS (DSDIVISIONUKEY, DIVISIONID, SIDIVISIONNAME, ENDIVISIONNAME, TADIVISIONNAME) VALUES(14, 2, 'මීගමුව නගරය', 'Negombo Town', 'ச்லவே இச்லாந்து');
INSERT INTO CRS.BD_DIVISIONS (DSDIVISIONUKEY, DIVISIONID, SIDIVISIONNAME, ENDIVISIONNAME, TADIVISIONNAME) VALUES(14, 3, 'තලාහේන', 'Talahena', 'அழுத் கடி');
INSERT INTO CRS.BD_DIVISIONS (DSDIVISIONUKEY, DIVISIONID, SIDIVISIONNAME, ENDIVISIONNAME, TADIVISIONNAME) VALUES(15, 5, 'ඔටාර බටහිර', 'Otara West', 'கொலோம்போ போர்ட');
INSERT INTO CRS.BD_DIVISIONS (DSDIVISIONUKEY, DIVISIONID, SIDIVISIONNAME, ENDIVISIONNAME, TADIVISIONNAME) VALUES(15, 3, 'ආඬිඅම්බලම', 'Andiambalama', 'ச்லவே இச்லாந்து');
INSERT INTO CRS.BD_DIVISIONS (DSDIVISIONUKEY, DIVISIONID, SIDIVISIONNAME, ENDIVISIONNAME, TADIVISIONNAME) VALUES(15, 7, 'කටුනායක සීදුව', 'Katunayaka-Seeduwa', 'அழுத் கடி');
INSERT INTO CRS.BD_DIVISIONS (DSDIVISIONUKEY, DIVISIONID, SIDIVISIONNAME, ENDIVISIONNAME, TADIVISIONNAME) VALUES(16, 9, 'ඔටාර  නැගෙනහිර', 'Otara East', 'கொலோம்போ போர்ட');
INSERT INTO CRS.BD_DIVISIONS (DSDIVISIONUKEY, DIVISIONID, SIDIVISIONNAME, ENDIVISIONNAME, TADIVISIONNAME) VALUES(16, 10, 'යටිගහ  උතුර', 'Yatigaha North', 'ச்லவே இச்லாந்து');
INSERT INTO CRS.BD_DIVISIONS (DSDIVISIONUKEY, DIVISIONID, SIDIVISIONNAME, ENDIVISIONNAME, TADIVISIONNAME) VALUES(16, 11, 'ගොඩකහ', 'Godakaha', 'அழுத் கடி');

INSERT INTO CRS.BD_DIVISIONS (DSDIVISIONUKEY, DIVISIONID, SIDIVISIONNAME, ENDIVISIONNAME, TADIVISIONNAME) VALUES(27, 1, 'පානදුර  (Medical)', 'Panadura (Medical)', 'கொலோம்போ போர்ட');
INSERT INTO CRS.BD_DIVISIONS (DSDIVISIONUKEY, DIVISIONID, SIDIVISIONNAME, ENDIVISIONNAME, TADIVISIONNAME) VALUES(27, 2, 'වාද්දුව', 'Wadduwa', 'ச்லவே இச்லாந்து');
INSERT INTO CRS.BD_DIVISIONS (DSDIVISIONUKEY, DIVISIONID, SIDIVISIONNAME, ENDIVISIONNAME, TADIVISIONNAME) VALUES(27, 3, 'ගොරකපොල', 'Gorakapola', 'அழுத் கடி');
INSERT INTO CRS.BD_DIVISIONS (DSDIVISIONUKEY, DIVISIONID, SIDIVISIONNAME, ENDIVISIONNAME, TADIVISIONNAME) VALUES(28, 5, 'බණ්ඩාරගම ', 'Bandaragama', 'கொலோம்போ போர்ட');
INSERT INTO CRS.BD_DIVISIONS (DSDIVISIONUKEY, DIVISIONID, SIDIVISIONNAME, ENDIVISIONNAME, TADIVISIONNAME) VALUES(28, 3, 'රයිගම', 'Raigama', 'ச்லவே இச்லாந்து');
INSERT INTO CRS.BD_DIVISIONS (DSDIVISIONUKEY, DIVISIONID, SIDIVISIONNAME, ENDIVISIONNAME, TADIVISIONNAME) VALUES(29, 0, 'ප්‍රාදේශීය ලේකම් කොට්ටාශය', 'Divisional Secretarial', 'கொலோம்போ போர்ட');
INSERT INTO CRS.BD_DIVISIONS (DSDIVISIONUKEY, DIVISIONID, SIDIVISIONNAME, ENDIVISIONNAME, TADIVISIONNAME) VALUES(29, 7, 'හොරණ නගරය (Medical)', 'Horana Town (Medical)', 'ச்லவே இச்லாந்து');
INSERT INTO CRS.BD_DIVISIONS (DSDIVISIONUKEY, DIVISIONID, SIDIVISIONNAME, ENDIVISIONNAME, TADIVISIONNAME) VALUES(29, 8, 'කුඹුක', 'Kumbuka', 'அழுத் கடி');

-- Marriage Declaration Divisions
INSERT INTO CRS.MR_DIVISIONS (DSDIVISIONUKEY, DIVISIONID, SIDIVISIONNAME, ENDIVISIONNAME, TADIVISIONNAME) VALUES(1, 1, 'කොළඹ කොටුව (Marriage)', 'Colombo Fort (Marriage)', 'கொலோம்போ போர');

INSERT INTO COMMON.ROLES (ROLEID, NAME) VALUES('ADMIN',  'System Administrator');
INSERT INTO COMMON.ROLES (ROLEID, NAME) VALUES('RG',  'Registrar General');
INSERT INTO COMMON.ROLES (ROLEID, NAME) VALUES('ARG', 'Assistant Registrar General / Provincial Registrar');
INSERT INTO COMMON.ROLES (ROLEID, NAME) VALUES('DR',  'Additional Registrar General / District Registrar');
INSERT INTO COMMON.ROLES (ROLEID, NAME) VALUES('ADR', 'Additional District Registrar');
INSERT INTO COMMON.ROLES (ROLEID, NAME) VALUES('DEO', 'Data Entry Operator / Clerk');

INSERT INTO COMMON.USERS (USERID, ROLEID, PIN, USERNAME, PREFLANGUAGE) VALUES('system', 'RG', 0, 'Internal System User', 'en');
INSERT INTO COMMON.USERS (USERID, ROLEID, PIN, USERNAME, PASSWORDHASH, PREFLANGUAGE, PREFBDDISTRICTUKEY, PREFBDDSDIVISIONUKEY, PASSWORDEXPIRY) VALUES('admin', 'ADMIN', 100, 'System Administrator', 'W6ph5Mm5Pz8GgiULbPgzG37mj9g=', 'en', 1, 1, '2012-12-31 12:00:00');
INSERT INTO COMMON.USERS (USERID, ROLEID, PIN, USERNAME, PASSWORDHASH, PREFLANGUAGE, PREFBDDISTRICTUKEY, PREFBDDSDIVISIONUKEY, PASSWORDEXPIRY) VALUES('rg', 'RG',101, 'Registrar General Sri Lanka', 'W6ph5Mm5Pz8GgiULbPgzG37mj9g=', 'en', 1, 1, '2012-12-31 12:00:00');
INSERT INTO COMMON.USERS (USERID, ROLEID, PIN, USERNAME, PASSWORDHASH, PREFLANGUAGE, PREFBDDISTRICTUKEY, PREFBDDSDIVISIONUKEY, PASSWORDEXPIRY) VALUES('arg-western', 'ARG',102, 'Western Province Registrar', 'W6ph5Mm5Pz8GgiULbPgzG37mj9g=', 'si', 1, 1, '2012-12-31 12:00:00');

INSERT INTO COMMON.USERS (USERID, ROLEID, PIN, USERNAME, PASSWORDHASH, PREFLANGUAGE, PASSWORDEXPIRY) VALUES('dr-colombo', 'DR', 300, 'District Registrar - Colombo', 'W6ph5Mm5Pz8GgiULbPgzG37mj9g=', 'si', '2012-12-31 12:00:00');
INSERT INTO COMMON.USERS (USERID, ROLEID, PIN, USERNAME, PASSWORDHASH, PREFLANGUAGE, PASSWORDEXPIRY) VALUES('dr-gampaha', 'DR',301, 'District Registrar - Gampaha', 'W6ph5Mm5Pz8GgiULbPgzG37mj9g=', 'si', '2012-12-31 12:00:00');
INSERT INTO COMMON.USERS (USERID, ROLEID, PIN, USERNAME, PASSWORDHASH, PREFLANGUAGE, PASSWORDEXPIRY) VALUES('dr-kalutara', 'DR',302, 'District Registrar - Kalutara', 'W6ph5Mm5Pz8GgiULbPgzG37mj9g=', 'si', '2012-12-31 12:00:00');

INSERT INTO COMMON.USERS (USERID, ROLEID, PIN, USERNAME, PASSWORDHASH, PREFLANGUAGE, PASSWORDEXPIRY) VALUES('adr-colombo-colombo', 'ADR', 303, 'ADR - Colombo/Colombo', 'W6ph5Mm5Pz8GgiULbPgzG37mj9g=', 'si', '2012-12-31 12:00:00');
INSERT INTO COMMON.USERS (USERID, ROLEID, PIN, USERNAME, PASSWORDHASH, PREFLANGUAGE, PASSWORDEXPIRY) VALUES('adr-gampaha-negambo', 'ADR', 304, 'ADR - Gampaha/Negambo', 'W6ph5Mm5Pz8GgiULbPgzG37mj9g=', 'si', '2012-12-31 12:00:00');
INSERT INTO COMMON.USERS (USERID, ROLEID, PIN, USERNAME, PASSWORDHASH, PREFLANGUAGE, PASSWORDEXPIRY) VALUES('adr-kalutara-panadura', 'ADR', 305, 'ADR  - Kalutara/Panadura', 'W6ph5Mm5Pz8GgiULbPgzG37mj9g=', 'si', '2012-12-31 12:00:00');

INSERT INTO COMMON.USERS (USERID, ROLEID, PIN, USERNAME, PASSWORDHASH, PREFLANGUAGE, PASSWORDEXPIRY) VALUES('deo-colombo-colombo', 'DEO', 306, 'Data Entry Operator Colombo/Colombo', 'W6ph5Mm5Pz8GgiULbPgzG37mj9g=', 'si', '2012-12-31 12:00:00');
INSERT INTO COMMON.USERS (USERID, ROLEID, PIN, USERNAME, PASSWORDHASH, PREFLANGUAGE, PASSWORDEXPIRY) VALUES('deo-gampaha-negambo', 'DEO', 307, 'Data Entry Operator Gampaha/Negambo', 'W6ph5Mm5Pz8GgiULbPgzG37mj9g=', 'si', '2012-12-31 12:00:00');
INSERT INTO COMMON.USERS (USERID, ROLEID, PIN, USERNAME, PASSWORDHASH, PREFLANGUAGE, PASSWORDEXPIRY) VALUES('deo-kalutara-panadura', 'DEO', 308, 'Data Entry Operator Kalutara/Panadura', 'W6ph5Mm5Pz8GgiULbPgzG37mj9g=', 'si', '2012-12-31 12:00:00');

INSERT INTO COMMON.USERS (USERID, ROLEID, PIN, USERNAME, PASSWORDHASH, PREFLANGUAGE, PASSWORDEXPIRY) VALUES('ashoka', 'ADR', 201, 'Ashoka Ekanayake - ADR Colombo / Colombo Fort (Medical)', 'XJRyDE28JvEY2IGylnz+w5CnnTA=', 'si', '2012-12-31 12:00:00');
INSERT INTO COMMON.USERS (USERID, ROLEID, PIN, USERNAME, PASSWORDHASH, PREFLANGUAGE, PASSWORDEXPIRY) VALUES('asankha', 'ADR', 202, 'Asankha Perera - ADR Colombo / Colombo Fort (Medical)', 'JZiuu/n4ImMnYfxJ+ttGR9LyYmo=', 'si', '2012-12-31 12:00:00');
INSERT INTO COMMON.USERS (USERID, ROLEID, PIN, USERNAME, PASSWORDHASH, PREFLANGUAGE, PASSWORDEXPIRY) VALUES('tharanga', 'ADR', 202, 'Tharanga Punchihewa - ADR Colombo / Colombo Fort (Medical)', 'JZiuu/n4ImMnYfxJ+ttGR9LyYmo=', 'si', '2012-12-31 12:00:00');
INSERT INTO COMMON.USERS (USERID, ROLEID, PIN, USERNAME, PASSWORDHASH, PREFLANGUAGE, PASSWORDEXPIRY) VALUES('janith', 'ADR', 202, 'Janith Widarshana - ADR Colombo / Colombo Fort (Medical)', 'JZiuu/n4ImMnYfxJ+ttGR9LyYmo=', 'si', '2012-12-31 12:00:00');
INSERT INTO COMMON.USERS (USERID, ROLEID, PIN, USERNAME, PASSWORDHASH, PREFLANGUAGE, PASSWORDEXPIRY) VALUES('duminda', 'ADR', 203, 'Duminda - ADR Colombo / Colombo Fort (Medical)', '8OYuek4Vs7ebel1Trtm4sy8tB8w=', 'si', '2012-12-31 12:00:00');
INSERT INTO COMMON.USERS (USERID, ROLEID, PIN, USERNAME, PASSWORDHASH, PREFLANGUAGE, PASSWORDEXPIRY) VALUES('indunil', 'ADR', 204, 'Indunil - ADR Colombo / Colombo Fort (Medical)', 'JZEs/79kaLxs0n4DOER6fN1vKLY=', 'si', '2012-12-31 12:00:00');
INSERT INTO COMMON.USERS (USERID, ROLEID, PIN, USERNAME, PASSWORDHASH, PREFLANGUAGE, PASSWORDEXPIRY) VALUES('amith', 'ADR', 205, 'Amith - ADR Colombo / Colombo Fort (Medical)', 'RI/xsIJu3GrYsfWr2sLPf88I+Ks=', 'EN', '2012-12-31 12:00:00');
INSERT INTO COMMON.USERS (USERID, ROLEID, PIN, USERNAME, PASSWORDHASH, PREFLANGUAGE, PASSWORDEXPIRY) VALUES('chathuranga', 'ADR', 206, 'Chathuranga - ADR Colombo / Colombo Fort (Medical)', 'hEFeb6UFV1Kxst3H0N9p/Ics/dI=', 'si', '2012-12-31 12:00:00');
INSERT INTO COMMON.USERS (USERID, ROLEID, PIN, USERNAME, PASSWORDHASH, PREFLANGUAGE, PASSWORDEXPIRY) VALUES('firstuser', 'ADR', 207, 'user to test first login', 'W6ph5Mm5Pz8GgiULbPgzG37mj9g=', 'si', '2010-07-20 12:00:00');

-- initial users of the system - the ADRs of the pilot phase
INSERT INTO COMMON.USERS (USERID, ROLEID, PIN, USERNAME, PASSWORDHASH, PREFLANGUAGE, PASSWORDEXPIRY) VALUES('senavirathna', 'ADR', 1000, 'S.S.K. Senavirathna', 'W6ph5Mm5Pz8GgiULbPgzG37mj9g=', 'si', '2010-12-31 12:00:00');
INSERT INTO COMMON.USERS (USERID, ROLEID, PIN, USERNAME, PASSWORDHASH, PREFLANGUAGE, PASSWORDEXPIRY) VALUES('gamage', 'ADR', 1000, 'G.G.N.S. Gamage', 'W6ph5Mm5Pz8GgiULbPgzG37mj9g=', 'si', '2010-12-31 12:00:00');
INSERT INTO COMMON.USERS (USERID, ROLEID, PIN, USERNAME, PASSWORDHASH, PREFLANGUAGE, PASSWORDEXPIRY) VALUES('roshini', 'ADR', 1000, 'Roshini Deegoda', 'W6ph5Mm5Pz8GgiULbPgzG37mj9g=', 'si', '2010-12-31 12:00:00');
INSERT INTO COMMON.USERS (USERID, ROLEID, PIN, USERNAME, PASSWORDHASH, PREFLANGUAGE, PASSWORDEXPIRY) VALUES('damayanthi', 'ADR', 1000, 'K.M. Damayanthi', 'W6ph5Mm5Pz8GgiULbPgzG37mj9g=', 'si', '2010-12-31 12:00:00');
INSERT INTO COMMON.USERS (USERID, ROLEID, PIN, USERNAME, PASSWORDHASH, PREFLANGUAGE, PASSWORDEXPIRY) VALUES('seuwandi', 'ADR', 1000, 'Seuwandi De Silva', 'W6ph5Mm5Pz8GgiULbPgzG37mj9g=', 'si', '2010-12-31 12:00:00');
INSERT INTO COMMON.USERS (USERID, ROLEID, PIN, USERNAME, PASSWORDHASH, PREFLANGUAGE, PASSWORDEXPIRY) VALUES('buddhipani', 'ADR', 1000, 'Buddhipani Perera', 'W6ph5Mm5Pz8GgiULbPgzG37mj9g=', 'si', '2010-12-31 12:00:00');
INSERT INTO COMMON.USERS (USERID, ROLEID, PIN, USERNAME, PASSWORDHASH, PREFLANGUAGE, PASSWORDEXPIRY) VALUES('diluka', 'ADR', 1000, 'Diluka Vithanachchi', 'W6ph5Mm5Pz8GgiULbPgzG37mj9g=', 'si', '2010-12-31 12:00:00');
INSERT INTO COMMON.USERS (USERID, ROLEID, PIN, USERNAME, PASSWORDHASH, PREFLANGUAGE, PASSWORDEXPIRY) VALUES('narasinghe', 'ADR', 1000, 'Ashoka Narasinghe', 'W6ph5Mm5Pz8GgiULbPgzG37mj9g=', 'si', '2010-12-31 12:00:00');

-- ARG western province has access to all districts for BD, and colombo district for MR
INSERT INTO COMMON.USER_BDDISTRICTS VALUES('arg-western', 1);
INSERT INTO COMMON.USER_BDDISTRICTS VALUES('arg-western', 2);
INSERT INTO COMMON.USER_BDDISTRICTS VALUES('arg-western', 3);

INSERT INTO COMMON.USER_MRDISTRICTS VALUES('arg-western', 1);

-- DR of Colombo district has access only to Colombo district, similarly other DRs for Gampaha and Kalutara. MR is similar
INSERT INTO COMMON.USER_BDDISTRICTS VALUES('dr-colombo', 1);
INSERT INTO COMMON.USER_BDDISTRICTS VALUES('dr-gampaha', 2);
INSERT INTO COMMON.USER_BDDISTRICTS VALUES('dr-kalutara', 3);

INSERT INTO COMMON.USER_MRDISTRICTS VALUES('dr-colombo', 1);
INSERT INTO COMMON.USER_MRDISTRICTS VALUES('dr-gampaha', 2);
INSERT INTO COMMON.USER_MRDISTRICTS VALUES('dr-kalutara', 3);

-- ADR Colombo/Colombo has access to Colombo district, similarly other ADRs and DEOs... MR is similar for ADRs but DEOs are not MR
INSERT INTO COMMON.USER_BDDISTRICTS VALUES('adr-colombo-colombo', 1);
INSERT INTO COMMON.USER_BDDISTRICTS VALUES('adr-gampaha-negambo', 2);
INSERT INTO COMMON.USER_BDDISTRICTS VALUES('adr-kalutara-panadura', 3);
INSERT INTO COMMON.USER_BDDISTRICTS VALUES('deo-colombo-colombo', 1);
INSERT INTO COMMON.USER_BDDISTRICTS VALUES('deo-gampaha-negambo', 2);
INSERT INTO COMMON.USER_BDDISTRICTS VALUES('deo-kalutara-panadura', 2);

INSERT INTO COMMON.USER_MRDISTRICTS VALUES('adr-colombo-colombo', 1);
INSERT INTO COMMON.USER_MRDISTRICTS VALUES('adr-gampaha-negambo', 2);
INSERT INTO COMMON.USER_MRDISTRICTS VALUES('adr-kalutara-panadura', 3);

INSERT INTO COMMON.USER_BDDISTRICTS VALUES('ashoka', 1);
INSERT INTO COMMON.USER_BDDISTRICTS VALUES('asankha', 1);
INSERT INTO COMMON.USER_BDDISTRICTS VALUES('tharanga', 1);
INSERT INTO COMMON.USER_BDDISTRICTS VALUES('janith', 1);
INSERT INTO COMMON.USER_BDDISTRICTS VALUES('duminda', 1);
INSERT INTO COMMON.USER_BDDISTRICTS VALUES('indunil', 1);
INSERT INTO COMMON.USER_BDDISTRICTS VALUES('amith', 1);
INSERT INTO COMMON.USER_BDDISTRICTS VALUES('chathuranga', 1);

INSERT INTO COMMON.USER_MRDISTRICTS VALUES('ashoka', 1);
INSERT INTO COMMON.USER_MRDISTRICTS VALUES('asankha', 1);
INSERT INTO COMMON.USER_MRDISTRICTS VALUES('tharanga', 1);
INSERT INTO COMMON.USER_MRDISTRICTS VALUES('janith', 1);
INSERT INTO COMMON.USER_MRDISTRICTS VALUES('duminda', 1);
INSERT INTO COMMON.USER_MRDISTRICTS VALUES('indunil', 1);
INSERT INTO COMMON.USER_MRDISTRICTS VALUES('amith', 1);
INSERT INTO COMMON.USER_MRDISTRICTS VALUES('chathuranga', 1);


INSERT INTO COMMON.USER_BDDISTRICTS VALUES('senavirathna', 1);
INSERT INTO COMMON.USER_BDDISTRICTS VALUES('gamage', 1);
INSERT INTO COMMON.USER_BDDISTRICTS VALUES('roshini', 1);
INSERT INTO COMMON.USER_BDDISTRICTS VALUES('damayanthi', 1);
INSERT INTO COMMON.USER_BDDISTRICTS VALUES('seuwandi', 1);
INSERT INTO COMMON.USER_BDDISTRICTS VALUES('buddhipani', 1);
INSERT INTO COMMON.USER_BDDISTRICTS VALUES('diluka', 1);
INSERT INTO COMMON.USER_BDDISTRICTS VALUES('narasinghe', 1);

INSERT INTO COMMON.USER_MRDISTRICTS VALUES('senavirathna', 1);
INSERT INTO COMMON.USER_MRDISTRICTS VALUES('gamage', 1);
INSERT INTO COMMON.USER_MRDISTRICTS VALUES('roshini', 1);
INSERT INTO COMMON.USER_MRDISTRICTS VALUES('damayanthi', 1);
INSERT INTO COMMON.USER_MRDISTRICTS VALUES('seuwandi', 1);
INSERT INTO COMMON.USER_MRDISTRICTS VALUES('buddhipani', 1);
INSERT INTO COMMON.USER_MRDISTRICTS VALUES('diluka', 1);
INSERT INTO COMMON.USER_MRDISTRICTS VALUES('narasinghe', 1);

-- ADR Colombo/Colombo has access to Colombo district/Colombo DS Division, similarly other ADRs and DEOs..
INSERT INTO COMMON.USER_BDDSDIVISIONS VALUES('adr-colombo-colombo', 1);
INSERT INTO COMMON.USER_BDDSDIVISIONS VALUES('adr-gampaha-negambo', 14);
INSERT INTO COMMON.USER_BDDSDIVISIONS VALUES('adr-kalutara-panadura', 27);
INSERT INTO COMMON.USER_BDDSDIVISIONS VALUES('deo-colombo-colombo', 1);
INSERT INTO COMMON.USER_BDDSDIVISIONS VALUES('deo-gampaha-negambo', 14);
INSERT INTO COMMON.USER_BDDSDIVISIONS VALUES('deo-kalutara-panadura', 27);

INSERT INTO COMMON.USER_BDDSDIVISIONS VALUES('ashoka', 1);
INSERT INTO COMMON.USER_BDDSDIVISIONS VALUES('asankha', 1);
INSERT INTO COMMON.USER_BDDSDIVISIONS VALUES('tharanga', 1);
INSERT INTO COMMON.USER_BDDSDIVISIONS VALUES('janith', 1);
INSERT INTO COMMON.USER_BDDSDIVISIONS VALUES('duminda', 1);
INSERT INTO COMMON.USER_BDDSDIVISIONS VALUES('indunil', 1);
INSERT INTO COMMON.USER_BDDSDIVISIONS VALUES('amith', 1);
INSERT INTO COMMON.USER_BDDSDIVISIONS VALUES('chathuranga', 1);


INSERT INTO COMMON.USER_BDDSDIVISIONS VALUES('senavirathna', 1);
INSERT INTO COMMON.USER_BDDSDIVISIONS VALUES('gamage', 1);
INSERT INTO COMMON.USER_BDDSDIVISIONS VALUES('roshini', 1);
INSERT INTO COMMON.USER_BDDSDIVISIONS VALUES('damayanthi', 1);
INSERT INTO COMMON.USER_BDDSDIVISIONS VALUES('seuwandi', 1);
INSERT INTO COMMON.USER_BDDSDIVISIONS VALUES('buddhipani', 1);
INSERT INTO COMMON.USER_BDDSDIVISIONS VALUES('diluka', 1);
INSERT INTO COMMON.USER_BDDSDIVISIONS VALUES('narasinghe', 1);



